subject,ps,stk1,stk2,stk3,dep
PD01-18LPM,ps1,0.00029607623140006,0.00113000649268848,0.000353695556228693,0.0025625258
PD01-45LPM,ps1,0.000740190578500149,0.00282501623172119,0.000884238890571734,0.0059707628
PD07-18LPM,ps1,0.000422588034020348,0.000768784703303809,0.000231601928047506,0.0035677882
PD07-45LPM,ps1,0.00105647008505087,0.00192196175825952,0.000579004820118765,0.0073906789
PD03-18LPM,ps1,0.000305848190633698,0.0019349584471455,0.000528953430881145,0.0072389886
PD03-45LPM,ps1,0.000764620476584244,0.00483739611786375,0.00132238357720286,0.015318627
PD02-18LPM,ps1,0.000363818820749424,0.00180120033429895,0.000496222988788415,0.013820639
PD02-45LPM,ps1,0.000909547053492652,0.00450300083574739,0.00124055747197104,0.023981808
PD08-18LPM,ps1,0.000761236995810103,0.00531516507456398,0.00049559041883045,0.0206100549
PD08-45LPM,ps1,0.00190309248952526,0.0132879126864099,0.00123897604707613,0.0433841756
PD20-18LPM,ps1,0.000432032011399168,0.00163746314707341,0.000491743009550661,0.0223067404
PD20-45LPM,ps1,0.00108008002849792,0.00409365786768352,0.00122935752387665,0.0471074343
PD21-18LPM,ps1,0.000306720413352503,0.000795603829661483,0.000727085261221496,0.0133974216
PD21-45LPM,ps1,0.000766801033381257,0.00198900957415371,0.00181771315305374,0.0260583004
PD09-18LPM,ps1,0.000807334391185439,0.0049606450902499,0.000550222958737615,0.0148870636
PD09-45LPM,ps1,0.0020183359779636,0.0124016127256248,0.00137555739684404,0.032522011
PD19-18LPM,ps1,0.000222408449633086,0.0173860396650641,0.000412652382148402,0.0104529621
PD19-45LPM,ps1,0.000556021124082715,0.0434650991626604,0.001031630955371,0.0195453175
PD10-18LPM,ps1,0.000283349651607357,0.00240818340609519,0.000198790048380985,0.0121776504
PD10-45LPM,ps1,0.000708374129018392,0.00602045851523798,0.000496975120952462,0.0268159835
PD13-18LPM,ps1,0.00034099709552507,0.00103696677709766,0.000544609205107357,0.006861239
PD13-45LPM,ps1,0.000852492738812675,0.00259241694274414,0.00136152301276839,0.014497224
PD01-18LPM,ps2,0.0010987679643231,0.00419356504158392,0.0013125989359896,0.0039909946
PD01-45LPM,ps2,0.00274691991080775,0.0104839126039598,0.00328149733997399,0.0080926044
PD07-18LPM,ps2,0.00156826568513174,0.00285303551540576,0.000859497494313255,0.0035670602
PD07-45LPM,ps2,0.00392066421282935,0.00713258878851439,0.00214874373578314,0.009797917
PD03-18LPM,ps2,0.00113503266447758,0.00718082077702173,0.00196299811613611,0.0094521802
PD03-45LPM,ps2,0.00283758166119396,0.0179520519425543,0.00490749529034027,0.021783388
PD02-18LPM,ps2,0.00135016736455662,0.00668443128750033,0.00184153223196308,0.0142696975
PD02-45LPM,ps2,0.00337541841740016,0.0167110782187508,0.00460383057990771,0.044786851
PD08-18LPM,ps2,0.00282502523184146,0.0197250994495694,0.00183918470274158,0.0219971306
PD08-45LPM,ps2,0.00706256307960364,0.0493127486239234,0.00459796175685395,0.120739225
PD20-18LPM,ps2,0.00160331321242081,0.00607678650952857,0.00182490658915481,0.028317319
PD20-45LPM,ps2,0.00400828303105204,0.0151919662738214,0.00456226647288703,0.14074836
PD21-18LPM,ps2,0.00113826956862435,0.00295256392649637,0.00269828479166974,0.0136470113
PD21-45LPM,ps2,0.00284567392156087,0.00738140981624094,0.00674571197917435,0.0468350517
PD09-18LPM,ps2,0.00299609719205131,0.0184094409800103,0.00204193142231356,0.0197301199
PD09-45LPM,ps2,0.00749024298012828,0.0460236024500257,0.0051048285557839,0.092700954
PD19-18LPM,ps2,0.000825379593275764,0.064521300207347,0.00153139350552469,0.0100132821
PD19-45LPM,ps2,0.00206344898318941,0.161303250518367,0.00382848376381172,0.026814039
PD10-18LPM,ps2,0.00105153837718097,0.00893700506224204,0.000737729387308126,0.025894581
PD10-45LPM,ps2,0.00262884594295241,0.0223425126556051,0.00184432346827031,0.116620748
PD13-18LPM,ps2,0.00126547370154785,0.00384828552212532,0.00202109823141754,0.00805958
PD13-45LPM,ps2,0.00316368425386962,0.0096207138053133,0.00505274557854385,0.0158827747
PD01-18LPM,ps3,0.00240807519876912,0.00919067564668634,0.00287671013928271,0.0051145659
PD01-45LPM,ps3,0.00602018799692279,0.0229766891167158,0.00719177534820677,0.0139301458
PD07-18LPM,ps3,0.00343703295333418,0.00625275243630585,0.00188368669879725,0.0077574764
PD07-45LPM,ps3,0.00859258238333545,0.0156318810907646,0.00470921674699312,0.0124489795
PD03-18LPM,ps3,0.00248755342153165,0.0157375869896287,0.00430213405576488,0.0121070292
PD03-45LPM,ps3,0.00621888355382914,0.0393439674740718,0.0107553351394122,0.053946968
PD02-18LPM,ps3,0.00295904563142159,0.0146496928596041,0.00403592772952401,0.018495809
PD02-45LPM,ps3,0.00739761409172254,0.0366242321490104,0.01008981932381,0.195322125
PD08-18LPM,ps3,0.00619136470809406,0.0432298031250162,0.00403078285173339,0.0735850977
PD08-45LPM,ps3,0.0154784117702352,0.108074507812541,0.0100769571293335,0.391883551
PD20-18LPM,ps3,0.00351384360306494,0.0133179700873655,0.00399949073881245,0.0804256586
PD20-45LPM,ps3,0.00878460900766235,0.0332949252184137,0.00999872684703113,0.563582622
PD21-18LPM,ps3,0.00249464746581554,0.00647088029050468,0.00591359859134474,0.0189332277
PD21-45LPM,ps3,0.00623661866453885,0.0161772007262617,0.0147839964783618,0.180073522
PD09-18LPM,ps3,0.00656628840259762,0.0403463876692811,0.00447512539072783,0.053282881
PD09-45LPM,ps3,0.0164157210064941,0.100865969173203,0.0111878134768196,0.349523522
PD19-18LPM,ps3,0.00180891343092803,0.141405781626849,0.00335622337012887,0.0149238474
PD19-45LPM,ps3,0.00452228357732009,0.353514454067121,0.00839055842532217,0.0612015144
PD10-18LPM,ps3,0.00230456617672083,0.0195864649684406,0.00161681801678142,0.086947666
PD10-45LPM,ps3,0.00576141544180207,0.0489661624211014,0.00404204504195356,0.260696793
PD13-18LPM,ps3,0.00277342981806833,0.00843395623508299,0.00442946707893056,0.0076538424
PD13-45LPM,ps3,0.00693357454517083,0.0210848905877075,0.0110736676973264,0.0324130894
PD01-18LPM,ps4,0.00422399793473812,0.0161213383079957,0.00504602916610803,0.0096203057
PD01-45LPM,ps4,0.0105599948368453,0.0403033457699893,0.0126150729152701,0.030597625
PD07-18LPM,ps4,0.00602888983862766,0.0109679354660041,0.00330416954149949,0.0109485321
PD07-45LPM,ps4,0.0150722245965692,0.0274198386650102,0.00826042385374872,0.0340177754
PD03-18LPM,ps4,0.00436341046179591,0.0276052570849664,0.00754636124976748,0.0157287307
PD03-45LPM,ps4,0.0109085261544898,0.0690131427124161,0.0188659031244187,0.128189482
PD02-18LPM,ps4,0.00519045362134433,0.0256969850506104,0.00707940948147118,0.042305337
PD02-45LPM,ps4,0.0129761340764598,0.0642424626265259,0.017698523703678,0.51298036
PD08-18LPM,ps4,0.0108602554245679,0.0758292761009045,0.00707038486580587,0.1893885438
PD08-45LPM,ps4,0.0271506385614198,0.189573190252261,0.0176759621645147,0.8051203428
PD20-18LPM,ps4,0.00616362318333154,0.0233610138805842,0.00701549545852358,0.2810544399
PD20-45LPM,ps4,0.0154090579583288,0.0584025347014604,0.017538738646309,0.764460321
PD21-18LPM,ps4,0.00437585410492607,0.0113505529216864,0.0103730266602465,0.0384772356
PD21-45LPM,ps4,0.0109396352623152,0.028376382304216,0.0259325666506162,0.50927624
PD09-18LPM,ps4,0.0115179080228244,0.0707714851580624,0.00784980486398043,0.1741185824
PD09-45LPM,ps4,0.0287947700570609,0.176928712895156,0.0196245121599511,0.642120366
PD19-18LPM,ps4,0.0031730099625899,0.248039483923569,0.00588714197596093,0.025879703
PD19-45LPM,ps4,0.00793252490647474,0.620098709808922,0.0147178549399023,0.2125895995
PD10-18LPM,ps4,0.00404243305022694,0.0343565631246907,0.00283605593680088,0.17476026
PD10-45LPM,ps4,0.0101060826255674,0.0858914078117268,0.00709013984200219,0.394102671
PD13-18LPM,ps4,0.00486486544508652,0.0147939789159707,0.0077697157476464,0.0135783559
PD13-45LPM,ps4,0.0121621636127163,0.0369849472899267,0.019424289369116,0.112863579
PD01-18LPM,ps5,0.00654653617223009,0.0249855530255121,0.00782055601646556,0.0148565561
PD01-45LPM,ps5,0.0163663404305752,0.0624638825637802,0.0195513900411639,0.085585588
PD07-18LPM,ps5,0.00934383634101219,0.0169985846045004,0.00512094602241997,0.0168360559
PD07-45LPM,ps5,0.0233595908525305,0.0424964615112511,0.0128023650560499,0.087721104
PD03-18LPM,ps5,0.00676260378527036,0.0427838310630349,0.0116956796981439,0.036283271
PD03-45LPM,ps5,0.0169065094631759,0.106959577657587,0.0292391992453597,0.235353914
PD02-18LPM,ps5,0.00804439133432485,0.039826307860519,0.0109719774878046,0.127853407
PD02-45LPM,ps5,0.0201109783716119,0.0995657696512976,0.0274299437195115,0.70722239
PD08-18LPM,ps5,0.016831697381263,0.117523518377234,0.010957990744959,0.3690377913
PD08-45LPM,ps5,0.0420792434531576,0.293808795943085,0.0273949768623976,0.940578717
PD20-18LPM,ps5,0.00955265195322062,0.0362059178891846,0.0108729207482882,0.6293942376
PD20-45LPM,ps5,0.0238816298830515,0.0905147947229615,0.0271823018707205,0.9357732404
PD21-18LPM,ps5,0.00678188948595595,0.0175915818200415,0.016076568998375,0.114060251
PD21-45LPM,ps5,0.0169547237148899,0.0439789545501038,0.0401914224959374,0.7812277571
PD09-18LPM,ps5,0.0178509560527315,0.109684733446354,0.0121659698420714,0.371834479
PD09-45LPM,ps5,0.0446273901318289,0.274211833615885,0.0304149246051784,0.89426323
PD19-18LPM,ps5,0.00491766918826135,0.384422407097508,0.00912414932302088,0.051605626
PD19-45LPM,ps5,0.0122941729706534,0.961056017743769,0.0228103733075522,0.449293269
PD10-18LPM,ps5,0.00626513899769931,0.0532472995309926,0.00439544314736649,0.242622897
PD10-45LPM,ps5,0.0156628474942483,0.133118248827481,0.0109886078684162,0.630217861
PD13-18LPM,ps5,0.00753978058260242,0.0229283535647884,0.0120418442375651,0.0264528688
PD13-45LPM,ps5,0.018849451456506,0.0573208839119709,0.0301046105939127,0.311624618
PD01-18LPM,ps6,0.00937568991124505,0.0357833197992354,0.0112002906903553,0.023189
PD01-45LPM,ps6,0.0234392247781126,0.0894582994980885,0.0280007267258882,0.18211615
PD07-18LPM,ps6,0.0133818724604878,0.024344699851795,0.00733401614155869,0.0269852707
PD07-45LPM,ps6,0.0334546811512194,0.0608617496294874,0.0183350403538967,0.197420949
PD03-18LPM,ps6,0.00968513339195499,0.0612733089238341,0.0167500894008941,0.093895734
PD03-45LPM,ps6,0.0242128334798875,0.153183272309585,0.0418752235022353,0.3756003
PD02-18LPM,ps6,0.0115208587703631,0.0570376612893301,0.0157136317485243,0.37257125
PD02-45LPM,ps6,0.0288021469771788,0.142594153223325,0.0392840793713108,0.90430776
PD08-18LPM,ps6,0.0241056905781794,0.168312529954005,0.0156936004891929,0.644200912
PD08-45LPM,ps6,0.0602642264454484,0.420781324885013,0.0392340012229822,0.9847462039
PD20-18LPM,ps6,0.0136809299127322,0.0518526821131668,0.0155717666081063,0.7719551236
PD20-45LPM,ps6,0.0342023247818304,0.129631705282917,0.0389294165202658,0.9880599475
PD21-18LPM,ps6,0.00971275360890517,0.02519396698557,0.0230242256057302,0.287631584
PD21-45LPM,ps6,0.0242818840222629,0.0629849174639251,0.0575605640143255,0.902588071
PD09-18LPM,ps6,0.0255654324923192,0.157086132534156,0.0174236203250006,0.5219457165
PD09-45LPM,ps6,0.0639135812307979,0.392715331335391,0.0435590508125015,0.986294293
PD19-18LPM,ps6,0.0070428911079424,0.550554551148665,0.0130672454113087,0.1245742657
PD19-45LPM,ps6,0.017607227769856,1.37638637787166,0.0326681135282718,0.641656416
PD10-18LPM,ps6,0.00897268401913792,0.076258674187346,0.00629497964847825,0.350314559
PD10-45LPM,ps6,0.0224317100478448,0.190646685468365,0.0157374491211956,0.77639881
PD13-18LPM,ps6,0.010798175230616,0.0328370801815361,0.0172458525486866,0.054137194
PD13-45LPM,ps6,0.0269954380765401,0.0820927004538402,0.0431146313717164,0.566789246
PD01-18LPM,ps7,0.012711459151783,0.0485146386291657,0.0151852331877772,0.038801069
PD01-45LPM,ps7,0.0317786478794575,0.121286596572914,0.0379630829694431,0.33845683
PD07-18LPM,ps7,0.0181429981970544,0.0330062812078876,0.00994337989891566,0.049725466
PD07-45LPM,ps7,0.0453574954926359,0.082515703019719,0.0248584497472891,0.360294898
PD03-18LPM,ps7,0.0131309992818498,0.083073690667364,0.0227095903580181,0.158196805
PD03-45LPM,ps7,0.0328274982046245,0.20768422666841,0.0567739758950454,0.535539274
PD02-18LPM,ps7,0.0156198559294592,0.0773310453370436,0.0213043722636302,0.63359177
PD02-45LPM,ps7,0.0390496398931606,0.193327613342609,0.0532609306590756,0.962077508
PD08-18LPM,ps7,0.032682235015317,0.228196310831218,0.0212772140985074,0.794573274
PD08-45LPM,ps7,0.0817055875382924,0.570490777078044,0.0531930352462685,0.9986709171
PD20-18LPM,ps7,0.0185484570618662,0.0703013065525307,0.0211120330379779,0.8959908687
PD20-45LPM,ps7,0.0463711426546655,0.175753266381327,0.0527800825949448,0.996834746
PD21-18LPM,ps7,0.0131684464737737,0.034157708418272,0.0312159964823122,0.514698275
PD21-45LPM,ps7,0.0329211161844343,0.0853942710456799,0.0780399912057805,0.9498928245
PD09-18LPM,ps7,0.0346613373415872,0.212975682421469,0.0236227563127682,0.7118521462
PD09-45LPM,ps7,0.086653343353968,0.532439206053672,0.0590568907819205,0.9987716892
PD19-18LPM,ps7,0.00954867572163304,0.746435916077041,0.0177164302408244,0.24487264
PD19-45LPM,ps7,0.0238716893040826,1.8660897901926,0.0442910756020611,0.793710912
PD10-18LPM,ps7,0.0121650681145428,0.103390687093751,0.00853466544013617,0.43700012
PD10-45LPM,ps7,0.030412670286357,0.258476717734378,0.0213366636003404,0.86119866
PD13-18LPM,ps7,0.0146400493891273,0.0445201587662137,0.0233817406810109,0.119456726
PD13-45LPM,ps7,0.0366001234728183,0.111300396915534,0.0584543517025272,0.742416474
PD01-18LPM,ps8,0.0165538438938439,0.0631795095153029,0.0197753835087314,0.061992392
PD01-45LPM,ps8,0.0413846097346098,0.157948773788257,0.0494384587718285,0.48938783
PD07-18LPM,ps8,0.023627213550712,0.0429833286727784,0.0129490372944909,0.098926296
PD07-45LPM,ps8,0.0590680338767801,0.107458321681946,0.0323725932362272,0.532405023
PD03-18LPM,ps8,0.0171002014549548,0.108184976293625,0.029574182569516,0.23848272
PD03-45LPM,ps8,0.042750503637387,0.270462440734062,0.07393545642379,0.704752179
PD02-18LPM,ps8,0.020341382811613,0.10070646000366,0.0277441990331224,0.80201764
PD02-45LPM,ps8,0.0508534571195573,0.251766150009149,0.0693604975828061,0.9987674184
PD08-18LPM,ps8,0.0425613306926758,0.297174861008872,0.0277088315729026,0.933166503
PD08-45LPM,ps8,0.10640332673169,0.742937152522179,0.0692720789322565,0.99999999
PD20-18LPM,ps8,0.0241552334006227,0.0915517912072764,0.027493720037903,0.953087483
PD20-45LPM,ps8,0.0603880835015568,0.228879478018191,0.0687343000947575,0.999488175
PD21-18LPM,ps8,0.0171489680805616,0.0444828061181473,0.0406518816281209,0.704983261
PD21-45LPM,ps8,0.0428724202014041,0.111207015295368,0.101629704070302,0.9870129179
PD09-18LPM,ps8,0.0451386706005357,0.277353383108292,0.0307633778053741,0.84500253
PD09-45LPM,ps8,0.112846676501339,0.69338345777073,0.0769084445134352,0.9982585222
PD19-18LPM,ps8,0.0124350230293333,0.972066501882636,0.023071703811568,0.417188136
PD19-45LPM,ps8,0.0310875575733332,2.43016625470659,0.0576792595289201,0.90461527
PD10-18LPM,ps8,0.0158422912839139,0.134643338250208,0.0111145005223403,0.5885499
PD10-45LPM,ps8,0.0396057282097848,0.33660834562552,0.0277862513058506,0.86902822
PD13-18LPM,ps8,0.0190654030581363,0.0579775893188215,0.030449508634538,0.235696565
PD13-45LPM,ps8,0.0476635076453409,0.144943973297054,0.0761237715863451,0.829761168
PD01-18LPM,ps9,0.0209028441374278,0.0797779324576472,0.0249707416532177,0.105906514
PD01-45LPM,ps9,0.0522571103435695,0.199444831144118,0.0624268541330444,0.64768647
PD07-18LPM,ps9,0.0298345185214607,0.0542758422464673,0.0163509883282843,0.150578335
PD07-45LPM,ps9,0.0745862963036519,0.135689605616168,0.0408774708207108,0.656022884
PD03-18LPM,ps9,0.02159273991127,0.136607165802616,0.0373438660353877,0.33695769
PD03-45LPM,ps9,0.053981849778175,0.34151791450654,0.0933596650884692,0.822322486
PD02-18LPM,ps9,0.0256854394168246,0.127163905289178,0.0350331120570009,0.897554267
PD02-45LPM,ps9,0.0642135986563688,0.317909763222945,0.0875827801425022,0.9998971766
PD08-18LPM,ps9,0.0537429776102559,0.375248180486967,0.0349884529123785,0.9768889628
PD08-45LPM,ps9,0.13435744402564,0.938120451217418,0.0874711322809462,1.00000003
PD20-18LPM,ps9,0.0305012589290017,0.115604136077404,0.0347168276078816,0.9738809558
PD20-45LPM,ps9,0.0762531473225043,0.28901034019351,0.086792069019704,0.9997950201
PD21-18LPM,ps9,0.0216543184292689,0.056169260085196,0.0513318810431564,0.829760298
PD21-45LPM,ps9,0.0541357960731722,0.14042315021299,0.128329702607891,0.9976402617
PD09-18LPM,ps9,0.0569974322691646,0.350219234594626,0.0388454848028183,0.9492257454
PD09-45LPM,ps9,0.142493580672911,0.875548086486564,0.0971137120070458,1.000000031
PD19-18LPM,ps9,0.0157019330310431,1.22744630856545,0.0291330661235395,0.595188119
PD19-45LPM,ps9,0.0392548325776077,3.06861577141363,0.0728326653088488,0.971810728
PD10-18LPM,ps9,0.0200043535272513,0.170016627656716,0.0140344848950905,0.65106928
PD10-45LPM,ps9,0.0500108838181282,0.425041569141791,0.0350862122377262,0.90716264
PD13-18LPM,ps9,0.0240742362376431,0.0732093718393592,0.038449156409268,0.348148125
PD13-45LPM,ps9,0.0601855905941077,0.183023429598398,0.0961228910231701,0.904688914
PD01-18LPM,ps10,0.0257584598825347,0.0983099074561984,0.0307713076212363,0.20714138
PD01-45LPM,ps10,0.0643961497063367,0.245774768640496,0.0769282690530908,0.75781009
PD07-18LPM,ps10,0.0367649131093005,0.0668838219289544,0.020149233000296,0.207680917
PD07-45LPM,ps10,0.0919122827732512,0.167209554822386,0.0503730825007401,0.767796445
PD03-18LPM,ps10,0.0266086146507954,0.168340259194338,0.0460186407556332,0.45642789
PD03-45LPM,ps10,0.0665215366269885,0.420850647985846,0.115046601889083,0.895430264
PD02-18LPM,ps10,0.031652025745094,0.156703381193599,0.0431711113352656,0.9534194447
PD02-45LPM,ps10,0.0791300645035952,0.391758452983997,0.107927778338164,0.99999996
PD08-18LPM,ps10,0.0662271757680573,0.462416269265504,0.043116078116935,0.9911991654
PD08-45LPM,ps10,0.165567939420143,1.15604067316376,0.107790195292338,0.999897678
PD20-18LPM,ps10,0.0375865336470032,0.142458341162913,0.0427813557479137,0.9879658627
PD20-45LPM,ps10,0.0939663341175079,0.356145852907283,0.106953389369784,1
PD21-18LPM,ps10,0.0266844975198955,0.0692170703194182,0.0632559947274186,0.8981728873
PD21-45LPM,ps10,0.0667112437997387,0.173042675798546,0.158139986818547,0.9985545584
PD09-18LPM,ps10,0.0702376223474739,0.43157323688047,0.0478690773051009,0.983413096
PD09-45LPM,ps10,0.175594055868685,1.07893309220117,0.119672693262752,0.9999999747
PD19-18LPM,ps10,0.0193494057267625,1.51257533612548,0.0359005171767389,0.779171121
PD19-45LPM,ps10,0.0483735143169063,3.78143834031371,0.0897512929418473,0.989047354
PD10-18LPM,ps10,0.0246512548445549,0.209510555313277,0.0172946185583869,0.78172103
PD10-45LPM,ps10,0.0616281371113873,0.523776388283191,0.0432365463959672,0.94942434
PD13-18LPM,ps10,0.0296665489276475,0.0902155063278269,0.0473806840052008,0.499579671
PD13-45LPM,ps10,0.0741663723191188,0.225538765819567,0.118451710013002,0.932836533
PD01-18LPM,ps11,0.0311206911291645,0.118775434510957,0.0371770814127871,0.32812182
PD01-45LPM,ps11,0.0778017278229113,0.296938586277391,0.0929427035319678,0.856422972
PD07-18LPM,ps11,0.0444183973142313,0.0808072677202396,0.024343771310526,0.295935917
PD07-45LPM,ps11,0.111045993285578,0.202018169300599,0.0608594282763149,0.843153401
PD03-18LPM,ps11,0.032147825673531,0.203384256468791,0.0555985067302525,0.55738415
PD03-45LPM,ps11,0.0803695641838274,0.508460641171978,0.138996266825631,0.93156212
PD02-18LPM,ps11,0.0382411417964212,0.189324887716922,0.0521581968679165,0.9807218916
PD02-45LPM,ps11,0.0956028546612365,0.473312219292305,0.130395492169791,1.00000001
PD08-18LPM,ps11,0.0800139251660799,0.558679127344482,0.0520917071865723,0.9983958235
PD08-45LPM,ps11,0.2000348129152,1.39669781836121,0.130229267966431,0.999999953
PD20-18LPM,ps11,0.0454110575546271,0.172114406463804,0.0516873044579992,0.9930025542
PD20-45LPM,ps11,0.113527643886568,0.43028601615951,0.129218261144998,1
PD21-18LPM,ps11,0.0322395053524414,0.0836262368208138,0.0764242226809076,0.9508054582
PD21-45LPM,ps11,0.0805987633811035,0.209065592052034,0.191060556702269,0.9990651779
PD09-18LPM,ps11,0.0848592408354637,0.521415389965824,0.0578341553122218,0.9695960543
PD09-45LPM,ps11,0.212148102088659,1.30353847491456,0.144585388280554,0.99999995
PD19-18LPM,ps11,0.0233774411164915,1.82745358456273,0.0433740569711662,0.879391632
PD19-45LPM,ps11,0.0584436027912288,4.56863396140683,0.108435142427915,0.9963663172
PD10-18LPM,ps11,0.0297829952358248,0.253125121219888,0.0208949015122294,0.90488071
PD10-45LPM,ps11,0.074457488089562,0.632812803049721,0.0522372537805736,0.98430406
PD13-18LPM,ps11,0.0358423411281496,0.108995992784225,0.0572440914223365,0.64485185
PD13-45LPM,ps11,0.0896058528203741,0.272489981960562,0.143110228555841,0.964139714
PD01-18LPM,ps12,0.0369895378773174,0.141174513621922,0.0441880630278701,0.44697054
PD01-45LPM,ps12,0.0924738446932934,0.352936284054804,0.110470157569675,0.907918902
PD07-18LPM,ps12,0.0527949711362531,0.096046179620323,0.0289346032589742,0.374486943
PD07-45LPM,ps12,0.131987427840633,0.240115449050807,0.0723365081474354,0.903116412
PD03-18LPM,ps12,0.0382103729794767,0.241739157625975,0.0660834639592456,0.66718487
PD03-45LPM,ps12,0.0955259324486918,0.604347894064937,0.165208659898114,0.958882764
PD02-18LPM,ps12,0.0454527875708061,0.225028424859147,0.0619943686549537,0.995462886
PD02-45LPM,ps12,0.113631969129293,0.562571062147869,0.154985921637384,1
PD08-18LPM,ps12,0.0951032258043238,0.664036754723902,0.0619153401212902,0.9997838923
PD08-45LPM,ps12,0.237758064510809,1.66009188680975,0.154788350303225,1.0000000273
PD20-18LPM,ps12,0.0539748306518735,0.204572331980077,0.0614346737381383,0.9959646157
PD20-45LPM,ps12,0.134937076629684,0.511430829950192,0.153586684345346,1
PD21-18LPM,ps12,0.0383193419269067,0.0993967595893828,0.0908365649036234,0.9821193779
PD21-45LPM,ps12,0.0957983548172668,0.248491898973457,0.227091412259058,1
PD09-18LPM,ps12,0.100862287733134,0.619745693850689,0.068740718824181,0.9861366273
PD09-45LPM,ps12,0.252155719332835,1.54936423462672,0.171851797060453,1.00000005
PD19-18LPM,ps12,0.0277860392002301,2.1720810538772,0.0515536855068214,0.931472626
PD19-45LPM,ps12,0.0694650980005753,5.43020263469301,0.128884213767053,0.9994772414
PD10-18LPM,ps12,0.0353995747010609,0.300860325376552,0.0248353337566181,0.94167395
PD10-45LPM,ps12,0.0884989367526523,0.75215081344138,0.0620883343915453,0.9967868
PD13-18LPM,ps12,0.0426016128391495,0.129550831208552,0.0680393786606749,0.763092815
PD13-45LPM,ps12,0.106504032097874,0.323877078021381,0.170098446651687,0.984152968
PD01-18LPM,ps13,0.0433650001269932,0.165507144789094,0.0518042524664853,0.54627822
PD01-45LPM,ps13,0.108412500317483,0.413767861972734,0.129510631166213,0.951655714
PD07-18LPM,ps13,0.061894634575366,0.112600557629204,0.0339217288456406,0.462699636
PD07-45LPM,ps13,0.154736586438415,0.281501394073011,0.0848043221141015,0.929530932
PD03-18LPM,ps13,0.0447962565686327,0.283404962665889,0.0774735124426125,0.74793344
PD03-45LPM,ps13,0.111990641421582,0.708512406664723,0.193683781106531,0.975852016
PD02-18LPM,ps13,0.0532869630682488,0.263813992620275,0.0726796266963772,0.997698856
PD02-45LPM,ps13,0.133217407907764,0.659534981550689,0.181699066740943,1.000000049
PD08-18LPM,ps13,0.111495077682789,0.778489151403763,0.0725869769210888,0.9994522531
PD08-45LPM,ps13,0.278737694206972,1.94622287850941,0.181467442302722,1.0000000121
PD20-18LPM,ps13,0.0632778529387424,0.239832117711731,0.0720234635883308,0.9971197575
PD20-45LPM,ps13,0.158194632346856,0.599580294279328,0.180058658970827,1
PD21-18LPM,ps13,0.0449240072432913,0.116528638625125,0.106493021395566,0.992751201
PD21-45LPM,ps13,0.112310018108228,0.291321596562813,0.266232553488915,1.00000003
PD09-18LPM,ps13,0.118246763040485,0.726564148535064,0.0805887678409786,1.00000002
PD09-45LPM,ps13,0.295616907601211,1.81641037133766,0.201471919602446,0.99999998
PD19-18LPM,ps13,0.0325751999779783,2.54645774406889,0.0604394027837044,0.94484739
PD19-45LPM,ps13,0.0814379999449458,6.36614436017223,0.151098506959261,1.0000000475
PD10-18LPM,ps13,0.0415009932402633,0.352716167783267,0.029115915291553,0.95413968
PD10-45LPM,ps13,0.103752483100658,0.881790419458167,0.0727897882288825,0.999687468
PD13-18LPM,ps13,0.049944364060647,0.15188002160081,0.0797665457202162,0.842767261
PD13-45LPM,ps13,0.124860910151618,0.379700054002025,0.199416364300541,0.9904576674
PD01-18LPM,ps14,0.050247077878192,0.191773328012473,0.0600256497286327,0.6170016
PD01-45LPM,ps14,0.12561769469548,0.479433320031182,0.150064124321582,0.969653551
PD07-18LPM,ps14,0.0717173876315699,0.130470401746884,0.0393051480705253,0.55189196
PD07-45LPM,ps14,0.179293469078925,0.32617600436721,0.0982628701763131,0.94651023
PD03-18LPM,ps14,0.0519054764409988,0.328381671588534,0.0897686521803533,0.801105601
PD03-45LPM,ps14,0.129763691102497,0.820954178971335,0.224421630450883,0.959486458
PD02-18LPM,ps14,0.0617436682887493,0.305681591000306,0.0842139709921869,0.999889022
PD02-45LPM,ps14,0.154359170996649,0.764203977500765,0.210534927480467,0.999999988
PD08-18LPM,ps14,0.129189480801475,0.902036317384065,0.084106617585968,0.99988893
PD08-45LPM,ps14,0.322973702003688,2.25509079346016,0.21026654396492,1.0000000354
PD20-18LPM,ps14,0.0733201244152338,0.277893763658768,0.0834536740085768,0.999887399
PD20-45LPM,ps14,0.183300311038085,0.694734409146919,0.208634185021442,1.0000000192
PD21-18LPM,ps14,0.0520535013015953,0.135021873928041,0.123393592156735,0.997729043
PD21-45LPM,ps14,0.130133753253988,0.337554684820102,0.308483980391838,0.99999997
PD09-18LPM,ps14,0.137012666757516,0.84187075401895,0.0933783023626144,1.000000005
PD09-45LPM,ps14,0.342531666893789,2.10467688504738,0.233445755906536,1.00000002
PD19-18LPM,ps14,0.0377449234497361,2.9505836551378,0.0700312088018153,0.954545496
PD19-45LPM,ps14,0.0943623086243402,7.3764591378445,0.175078022004538,1.00000005
PD10-18LPM,ps14,0.0480872508534319,0.408692648440034,0.033736646117034,0.96565016
PD10-45LPM,ps14,0.12021812713358,1.02173162110008,0.084341615292585,0.999895069
PD13-18LPM,ps14,0.0578705947926423,0.175983563960998,0.0924255926009603,0.917361718
PD13-45LPM,ps14,0.144676486981606,0.439958909902495,0.231063981502401,0.9967003764
PD01-18LPM,ps15,0.0576357711309137,0.219973063292059,0.0688522548143123,0.70410588
PD01-45LPM,ps15,0.144089427827284,0.549932658230147,0.172130637035781,0.974655072
PD07-18LPM,ps15,0.0822632303048649,0.149655711973362,0.0450848609336282,0.64635099
PD07-45LPM,ps15,0.205658075762162,0.374139279933405,0.11271215233407,0.965625387
PD03-18LPM,ps15,0.0595380325965751,0.37666928439391,0.102968883172468,0.85945183
PD03-45LPM,ps15,0.148845081491438,0.941673210984775,0.25742220793117,0.961143451
PD02-18LPM,ps15,0.0708229032323075,0.350631219999239,0.0965974015423829,0.9998872579
PD02-45LPM,ps15,0.17705725839595,0.876578049998097,0.241493503855957,1.00000002
PD08-18LPM,ps15,0.148186435160383,1.03467825266481,0.096474262115928,0.99999997
PD08-45LPM,ps15,0.370466087900957,2.58669563166202,0.24118565528982,0.999999989
PD20-18LPM,ps15,0.0841016450813477,0.318757269821185,0.0957253049988764,0.9996563377
PD20-45LPM,ps15,0.210254112703369,0.796893174552964,0.239313262497191,0.9999999857
PD21-18LPM,ps15,0.0597078241018186,0.15487646549813,0.141538277187131,0.998382103
PD21-45LPM,ps15,0.149269560254546,0.387191163745325,0.353845692967828,0.9999999718
PD09-18LPM,ps15,0.157159998884227,0.965665510302347,0.107109322389089,1
PD09-45LPM,ps15,0.392899997210568,2.41416377575587,0.267773305972722,0.99999996
PD19-18LPM,ps15,0.0432952096155035,3.38445878708392,0.0803291035611541,0.9874829477
PD19-45LPM,ps15,0.108238024038759,8.46114696770981,0.200822758902885,0.9997864792
PD10-18LPM,ps15,0.0551583475405668,0.468789767346852,0.0386975262330612,0.97092767
PD10-45LPM,ps15,0.137895868851417,1.17197441836713,0.0967438155826529,1.0000000419
PD13-18LPM,ps15,0.0663803050351352,0.201861458289116,0.106016519302907,0.953328129
PD13-45LPM,ps15,0.165950762587838,0.504653645722789,0.265041298257268,0.9992740074
PD01-18LPM,ps16,0.0655310798851585,0.250106350627852,0.0782840677235241,0.7762092
PD01-45LPM,ps16,0.163827699712896,0.62526587656963,0.19571016930881,0.981702926
PD07-18LPM,ps16,0.0935321625952509,0.170156488308638,0.0512608674349493,0.744090491
PD07-45LPM,ps16,0.233830406488127,0.425391220771594,0.128152168587373,0.9819138193
PD03-18LPM,ps16,0.0676939250353616,0.428267801082017,0.117074205418956,0.903952116
PD03-45LPM,ps16,0.169234812588404,1.07066950270504,0.292685513547391,0.969871748
PD02-18LPM,ps16,0.0805246678989235,0.398662879617074,0.109829918346965,1.0000000083
PD02-45LPM,ps16,0.201311670105666,0.996657199042685,0.274574795867413,1.0000000309
PD08-18LPM,ps16,0.168485940759512,1.17641495724599,0.109689910510969,0.99999997
PD08-45LPM,ps16,0.421214851898779,2.94103739311499,0.274224776277421,0.9999999712
PD20-18LPM,ps16,0.095622414937084,0.362422636198985,0.108838356559229,0.9997667533
PD20-45LPM,ps16,0.23905603734271,0.906056590497463,0.272095891398073,1.00000005
PD21-18LPM,ps16,0.0678869756439612,0.176092413335393,0.160927076486754,0.998583347
PD21-45LPM,ps16,0.169717439109903,0.440231033338482,0.402317691216884,0.999999979
PD09-18LPM,ps16,0.178688759420619,1.09794841738525,0.121781827920401,1
PD09-45LPM,ps16,0.446721898551548,2.74487104346313,0.304454569801003,1.000000032
PD19-18LPM,ps16,0.0492260584752804,3.84808313990727,0.0913330870617208,0.9944354044
PD19-45LPM,ps16,0.123065146188201,9.62020784976817,0.228332717654302,1.0000000034
PD10-18LPM,ps16,0.0627142833016679,0.533007524503722,0.0439985556396345,0.98011523
PD10-45LPM,ps16,0.15678570825417,1.33251881125931,0.109996389099086,0.9999999621
PD13-18LPM,ps16,0.0754734947881259,0.229513704585163,0.120539325826057,0.977473454
PD13-45LPM,ps16,0.188683736970315,0.573784261462909,0.301348314565143,0.9991660967
PD01-18LPM,ps17,0.0739330041409262,0.282173190019852,0.0883210884562682,0.85263915
PD01-45LPM,ps17,0.184832510352316,0.70543297504963,0.22080272114067,0.985775717
PD07-18LPM,ps17,0.105524184502728,0.191972730752712,0.0578331675744887,0.820694536
PD07-45LPM,ps17,0.26381046125682,0.479931826881779,0.144582918936222,0.9906601499
PD03-18LPM,ps17,0.0763731537573583,0.483177221652854,0.132084618919818,0.939764872
PD03-45LPM,ps17,0.190932884393396,1.20794305413213,0.330211547299546,0.974149114
PD02-18LPM,ps17,0.0908489622885973,0.449776569853812,0.123911521405934,1.0000000265
PD02-45LPM,ps17,0.227122406125796,1.12444142463453,0.309778803514834,0.9999999659
PD08-18LPM,ps17,0.190087997598862,1.32724643112762,0.12375356277109,0.999999979
PD08-45LPM,ps17,0.475219993997154,3.31811607781905,0.309383906927725,1.000000037
PD20-18LPM,ps17,0.107882433982443,0.408889862792167,0.122792828689636,0.9996427043
PD20-45LPM,ps17,0.269706084956107,1.02222465698042,0.30698207172409,0.99999999
PD21-18LPM,ps17,0.0765909559280232,0.198669717439829,0.181559990055603,0.999396238
PD21-45LPM,ps17,0.191477389820058,0.496674293599572,0.453899975139008,1.00000003
PD09-18LPM,ps17,0.201598948366691,1.23871947526767,0.137395818956552,0.99999996
PD09-45LPM,ps17,0.503997370916729,3.09679868816918,0.34348954739138,0.999999953
PD19-18LPM,ps17,0.055537470029067,4.34145671360783,0.103043159303515,0.99763478
PD19-45LPM,ps17,0.138843675072668,10.8536417840196,0.257607898258789,0.9999999893
PD10-18LPM,ps17,0.0707550581367353,0.601345919910644,0.049639734336754,0.98822538
PD10-45LPM,ps17,0.176887645341838,1.50336479977661,0.124099335841885,1.0000000592
PD13-18LPM,ps17,0.0851501640516143,0.258940302849141,0.13599401217041,0.9890578262
PD13-45LPM,ps17,0.212875410129036,0.647350757122853,0.339985030426024,0.999159373
PD01-18LPM,ps18,0.0828415438982169,0.316173581468059,0.0989633170125444,0.89490582
PD01-45LPM,ps18,0.207103859745542,0.790433953670147,0.247408292531361,0.990689652
PD07-18LPM,ps18,0.118239296027296,0.215104439305584,0.0648017613522464,0.872025515
PD07-45LPM,ps18,0.29559824006824,0.53776109826396,0.162004403380616,0.9947593999
PD03-18LPM,ps18,0.0855757187625652,0.541397546106422,0.148000123675054,0.965564716
PD03-45LPM,ps18,0.213939296906413,1.35349386526605,0.370000309187636,0.98173719
PD02-18LPM,ps18,0.101795786401329,0.503972290709452,0.138842210719288,1.000000001
PD02-45LPM,ps18,0.254489466456341,1.25993072677363,0.347105526798221,1.0000000123
PD08-18LPM,ps18,0.212992605678433,1.48717267430969,0.138665218896292,0.999999967
PD08-45LPM,ps18,0.532481514196083,3.71793168577422,0.34666304724073,1.0000000079
PD20-18LPM,ps18,0.120881702217424,0.45815894960073,0.137588721390096,0.9997561817
PD20-45LPM,ps18,0.30220425554356,1.14539737400183,0.34397180347524,1.000000015
PD21-18LPM,ps18,0.0858197649540046,0.222608377811438,0.203437017893679,0.99950551
PD21-45LPM,ps18,0.214549412385011,0.556520944528595,0.508592544734199,1.00000001
PD09-18LPM,ps18,0.225890565722444,1.3879786839496,0.153951295497541,0.99999998
PD09-45LPM,ps18,0.564726414306111,3.469946709874,0.384878238743853,0.999999981
PD19-18LPM,ps18,0.0622294442768632,4.86457950818561,0.115459320286538,0.99927611
PD19-45LPM,ps18,0.155573610692158,12.161448770464,0.288648300716345,0.999999988
PD10-18LPM,ps18,0.079280672045769,0.673804953567617,0.0556210623244196,0.99397071
PD10-45LPM,ps18,0.198201680114422,1.68451238391904,0.139052655811049,0.9999999808
PD13-18LPM,ps18,0.0954103128256004,0.290141253081049,0.152380578335965,0.9955638236
PD13-45LPM,ps18,0.238525782064001,0.725353132702623,0.380951445839913,0.9999999836
PD01-18LPM,ps19,0.0922566991570306,0.352107524972473,0.110210753392353,0.9313523
PD01-45LPM,ps19,0.230641747892577,0.880268812431182,0.275526883480882,0.996112182
PD07-18LPM,ps19,0.131677497168955,0.239551613967254,0.0721666487682223,0.916029548
PD07-45LPM,ps19,0.329193742922388,0.598879034918136,0.180416621920556,0.995474591
PD03-18LPM,ps19,0.0953016200509823,0.602928774442721,0.164820719684664,0.9780262517
PD03-45LPM,ps19,0.238254050127456,1.5073219361068,0.412051799211661,0.9846221492
PD02-18LPM,ps19,0.113365140237118,0.561250042183995,0.154621986287029,0.999999993
PD02-45LPM,ps19,0.283412851097301,1.40312510545999,0.386554965717573,0.999999972
PD08-18LPM,ps19,0.237199764998226,1.6561936867922,0.154424878886575,0.99999999
PD08-45LPM,ps19,0.592999412495565,4.1404842169805,0.386062197216436,1.0000000385
PD20-18LPM,ps19,0.134620219642028,0.510229896624675,0.153226034660609,0.9995002951
PD20-45LPM,ps19,0.33655054910507,1.27557474156169,0.383065086651524,1.000000033
PD21-18LPM,ps19,0.0955734027219053,0.247908394450221,0.226558160000982,0.9998731758
PD21-45LPM,ps19,0.238933506804763,0.619770986125553,0.566395400002456,1.00000004
PD09-18LPM,ps19,0.251563611487878,1.54572604343104,0.171448257543369,0.99999999
PD09-45LPM,ps19,0.628909028719694,3.86431510857759,0.428620643858422,0.9999999854
PD19-18LPM,ps19,0.0693019812186689,5.41745152364062,0.128581570010788,0.99963033
PD19-45LPM,ps19,0.173254953046672,13.5436288091015,0.321453925026971,0.999999966
PD10-18LPM,ps19,0.0882911250287689,0.750384625474642,0.0619425396026314,0.99571674
PD10-45LPM,ps19,0.220727812571922,1.87596156368661,0.154856349006579,1.000000025
PD13-18LPM,ps19,0.106253941110084,0.323116555280887,0.169699024322723,0.9986942154
PD13-45LPM,ps19,0.26563485277521,0.807791388202217,0.424247560806809,1.0000000377
PD01-18LPM,ps20,0.102178469917367,0.389975020533094,0.122063397595694,0.95222735
PD01-45LPM,ps20,0.255446174793418,0.974937551332734,0.305158493989234,0.998668296
PD07-18LPM,ps20,0.145838787927705,0.265314254737723,0.0799278298224164,0.942973779
PD07-45LPM,ps20,0.364596969819264,0.663285636844307,0.199819574556041,0.9960874218
PD03-18LPM,ps20,0.10555085762261,0.66777090666175,0.182546406948648,0.986344957
PD03-45LPM,ps20,0.263877144056524,1.66942726665438,0.45636601737162,0.9946790721
PD02-18LPM,ps20,0.125557023795965,0.62160982427744,0.171250848109157,1.000000034
PD02-45LPM,ps20,0.313892560048676,1.5540245606936,0.428127120272892,1.0000000331
PD08-18LPM,ps20,0.26270947555824,1.83430946857515,0.171032542741938,1.000000025
PD08-45LPM,ps20,0.656773688895599,4.58577367143788,0.427581356854845,0.9999999837
PD20-18LPM,ps20,0.149097986256254,0.565102703864002,0.169704768501176,0.9999999968
PD20-45LPM,ps20,0.372744965640635,1.41275675966001,0.424261921252941,1.000000032
PD21-18LPM,ps20,0.105851869231725,0.274569767356177,0.250923416377512,0.99986952
PD21-45LPM,ps20,0.264629673079313,0.686424418390443,0.627308540943781,1.000000009
PD09-18LPM,ps20,0.278618085662991,1.71196155371199,0.189886705094035,0.99999996
PD09-45LPM,ps20,0.696545214157478,4.27990388427996,0.474716762735087,1.0000000009
PD19-18LPM,ps20,0.0767550808544843,6.00007275997284,0.142409908476267,1.000000025
PD19-45LPM,ps20,0.191887702136211,15.0001818999321,0.356024771190666,0.9998871756
PD10-18LPM,ps20,0.097786417085735,0.831084935631719,0.0686041661713894,0.998575429
PD10-45LPM,ps20,0.244466042714338,2.0777123390793,0.171510415428474,1.0000000129
PD13-18LPM,ps20,0.117681048905066,0.357866209448655,0.187949350130684,0.9990320421
PD13-45LPM,ps20,0.294202622262664,0.894665523621637,0.469873375326711,1.0000000068
PD01-18LPM,ps21,0.112606856179227,0.429776068149921,0.134521249622566,0.96949692
PD01-45LPM,ps21,0.281517140448067,1.0744401703748,0.336303124056416,0.999487739
PD07-18LPM,ps21,0.160723168303547,0.292392361616989,0.0880853045148288,0.961913281
PD07-45LPM,ps21,0.401807920758867,0.730980904042474,0.220213261287072,0.996054335
PD03-18LPM,ps21,0.116323431477447,0.73592394276351,0.201177185467005,0.9897218139
PD03-45LPM,ps21,0.290808578693617,1.83980985690878,0.502942963667513,0.9917105189
PD02-18LPM,ps21,0.13837143707787,0.685051636989787,0.18872879618567,1.000000002
PD02-45LPM,ps21,0.345928593310466,1.71262909247447,0.471821990464175,1
PD08-18LPM,ps21,0.289521737358475,2.02152001965854,0.188488210462382,1.000000018
PD08-45LPM,ps21,0.723804343396187,5.05380004914636,0.471220526155955,0.9999999829
PD20-18LPM,ps21,0.164315002060103,0.62277737131871,0.187024922911797,0.99999996
PD20-45LPM,ps21,0.410787505150257,1.55694342829678,0.467562307279492,1.000000047
PD21-18LPM,ps21,0.116655164483465,0.302592496529307,0.276532787023269,1.000000047
PD21-45LPM,ps21,0.291637911208662,0.756481241323267,0.691331967558172,0.999999996
PD09-18LPM,ps21,0.307053988247785,1.88668521479244,0.209266638149539,1
PD09-45LPM,ps21,0.767634970619464,4.71671303698111,0.523166595373847,1.0000000236
PD19-18LPM,ps21,0.0845887431843092,6.61244321718227,0.156944335682973,0.999870428
PD19-45LPM,ps21,0.211471857960773,16.5311080429557,0.392360839207432,0.9999999592
PD10-18LPM,ps21,0.107766548216667,0.915905884038847,0.0756059420306935,0.999198532
PD10-45LPM,ps21,0.269416370541669,2.28976471009712,0.189014855076734,0.9999999917
PD13-18LPM,ps21,0.129691636210545,0.394390215584352,0.207131555759848,1.0000000283
PD13-45LPM,ps21,0.324229090526362,0.985975538960881,0.517828889399621,1.0000000048
PD01-18LPM,ps22,0.12354185794261,0.471510667822956,0.147584309472971,0.98744062
PD01-45LPM,ps22,0.308854644856524,1.17877666955739,0.368960773682429,0.999487741
PD07-18LPM,ps22,0.176330638296479,0.320785934605054,0.0966390728454594,0.970988234
PD07-45LPM,ps22,0.440826595741197,0.801964836512635,0.241597682113649,0.993246968
PD03-18LPM,ps22,0.127619341615495,0.807387882748001,0.220713055239737,0.9909168255
PD03-45LPM,ps22,0.319048354038736,2.01846970687,0.551782638099342,0.9859505896
PD02-18LPM,ps22,0.151808380082833,0.751575480321037,0.20705583051657,0.99999995
PD02-45LPM,ps22,0.379520950882671,1.87893870080259,0.517639576291424,1.0000000449
PD08-18LPM,ps22,0.317636550398931,2.21782534004238,0.206791882047907,1.0000000366
PD08-45LPM,ps22,0.794091375997328,5.54456335010594,0.516979705119767,1
PD20-18LPM,ps22,0.180271267053574,0.683253898988801,0.205186497892471,1.00000001
PD20-45LPM,ps22,0.450678167633935,1.708134747472,0.512966244731177,0.999999968
PD21-18LPM,ps22,0.127983288477123,0.33197658196961,0.303386271938252,1
PD21-45LPM,ps22,0.319958221192808,0.829941454924025,0.75846567984563,0.999999975
PD09-18LPM,ps22,0.33687131924226,2.06989702667241,0.229588056709881,1.00000004
PD09-45LPM,ps22,0.84217829810565,5.17474256668103,0.573970141774703,0.9999999763
PD19-18LPM,ps22,0.0928029682081437,7.25456289526893,0.172184851630907,0.999999914
PD19-45LPM,ps22,0.232007420520359,18.1364072381723,0.430462129077267,0.9999999479
PD10-18LPM,ps22,0.118231518421566,1.00484747069603,0.0829478671805438,0.999172809
PD10-45LPM,ps22,0.295578796053915,2.51211867674007,0.207369667951359,0.9999999535
PD13-18LPM,ps22,0.142285703026522,0.43268857368798,0.227245641210215,1.00000001
PD13-45LPM,ps22,0.355714257566304,1.08172143421995,0.568114103025538,0.9999999565
PD01-18LPM,ps23,0.134983475207515,0.515178819552198,0.161252577146909,0.992742079
PD01-45LPM,ps23,0.337458688018788,1.2879470488805,0.403131442867272,0.9999999897
PD07-18LPM,ps23,0.192661197906502,0.350494973701917,0.105589134814308,0.976985476
PD07-45LPM,ps23,0.481652994766256,0.876237434254793,0.263972837035771,0.996417412
PD03-18LPM,ps23,0.139438588036752,0.882162726615223,0.241154016266842,0.9951371234
PD03-45LPM,ps23,0.348596470091881,2.20540681653806,0.602885040667104,0.9914030463
PD02-18LPM,ps23,0.165867852810853,0.821181354271189,0.226231951101856,0.999999988
PD02-45LPM,ps23,0.414669632765291,2.05295338567797,0.565579877754639,1
PD08-18LPM,ps23,0.347053914679609,2.42322542972665,0.225943557498512,0.999999955
PD08-45LPM,ps23,0.867634786699022,6.05806357431663,0.56485889374628,1
PD20-18LPM,ps23,0.196966781236668,0.746532286874273,0.224189493443198,0.99999999
PD20-45LPM,ps23,0.492416953091669,1.86633071718568,0.560473733607996,0.999999958
PD21-18LPM,ps23,0.139836241212701,0.362722023677086,0.331483871122462,0.9999999517
PD21-45LPM,ps23,0.349590603031754,0.906805059192716,0.828709677806155,1
PD09-18LPM,ps23,0.368070078646415,2.26159698935189,0.250850960775062,1.00000004
PD09-45LPM,ps23,0.920175196616038,5.65399247337974,0.627127401937655,1
PD19-18LPM,ps23,0.101397755925988,7.9264317942328,0.188131456320069,0.9999999094
PD19-45LPM,ps23,0.25349438981497,19.816079485582,0.470328640800172,0.999999995
PD10-18LPM,ps23,0.129181327700431,1.09790969560326,0.0906299416209402,0.999571685
PD10-45LPM,ps23,0.322953319251077,2.74477423900815,0.22657485405235,1.0000000492
PD13-18LPM,ps23,0.155463249352996,0.472761283759538,0.248291606481785,0.999870865
PD13-45LPM,ps23,0.388658123382491,1.18190320939885,0.620729016204462,1.000000012
PD01-18LPM,ps24,0.146931707973944,0.560780523337647,0.175526052644378,0.994927733
PD01-45LPM,ps24,0.367329269934859,1.40195130834412,0.438815131610946,0.9997950711
PD07-18LPM,ps24,0.209714847133617,0.381519478907578,0.114935490421375,0.981648942
PD07-45LPM,ps24,0.524287117834042,0.953798697268945,0.287338726053439,0.998981234
PD03-18LPM,ps24,0.15178117074122,0.960248474365176,0.262500068548321,0.996008646
PD03-45LPM,ps24,0.379452926853051,2.40062118591294,0.656250171370802,0.996167284
PD02-18LPM,ps24,0.180549855261932,0.893869258840244,0.246257157941528,0.9999999812
PD02-45LPM,ps24,0.451374638958325,2.23467314710061,0.61564289485382,1
PD08-18LPM,ps24,0.377773830200508,2.63772028871137,0.245943236814198,0.99999996
PD08-45LPM,ps24,0.944434575501269,6.59430072177842,0.614858092035495,1
PD20-18LPM,ps24,0.214401544609384,0.812612534975127,0.244033909563979,1.00000002
PD20-45LPM,ps24,0.53600386152346,2.03153133743782,0.610084773909948,0.999999956
PD21-18LPM,ps24,0.152214022690199,0.394828821651736,0.360825584575898,0.99999996
PD21-45LPM,ps24,0.380535056725497,0.987072054129341,0.902063961439746,1
PD09-18LPM,ps24,0.40065026646025,2.46178510283088,0.273055350345081,0.99999997
PD09-45LPM,ps24,1.00162566615063,6.15446275707721,0.682638375862703,1.0000000115
PD19-18LPM,ps24,0.110373106337842,8.6280499140739,0.204784149750458,0.999999987
PD19-45LPM,ps24,0.275932765844604,21.5701247851847,0.511960374376146,1.0000000113
PD10-18LPM,ps24,0.140615976053262,1.19509255876054,0.0986521653518828,0.999110211
PD10-45LPM,ps24,0.351539940133155,2.98773139690136,0.246630413379707,1.00000004
PD13-18LPM,ps24,0.169224275189969,0.514608345799026,0.270269451574557,0.999999961
PD13-45LPM,ps24,0.423060687974922,1.28652086449756,0.675673628936393,1
PD01-18LPM,ps25,0.159386556241895,0.608315779179302,0.19040473596538,0.995850204
PD01-45LPM,ps25,0.398466390604738,1.52078944794826,0.47601183991345,0.9996927021
PD07-18LPM,ps25,0.227491585977822,0.413859450222037,0.124678139666661,0.98447636
PD07-45LPM,ps25,0.568728964944555,1.03464862555509,0.311695349166652,0.9996559389
PD03-18LPM,ps25,0.164647089728899,1.04164512599786,0.284751212084173,0.9971103448
PD03-45LPM,ps25,0.411617724322247,2.60411281499465,0.711878030210433,0.998000715
PD02-18LPM,ps25,0.195854387436068,0.969639194028201,0.267131451035587,1.0000000429
PD02-45LPM,ps25,0.489635969461774,2.4240979850705,0.667828627588966,1
PD08-18LPM,ps25,0.409796296961628,2.86130991699653,0.266790919994965,1.000000031
PD08-45LPM,ps25,1.02449074240407,7.15327479249132,0.666977299987412,1
PD20-18LPM,ps25,0.232575557171722,0.881494643291362,0.264719746254814,1
PD20-45LPM,ps25,0.581438892929306,2.20373660822841,0.661799365637034,1.000000012
PD21-18LPM,ps25,0.165116632909616,0.42829697589356,0.391411412298562,0.99999998
PD21-45LPM,ps25,0.412791582274039,1.0707424397339,0.978528530746405,1
PD09-18LPM,ps25,0.434611882683766,2.67046136710939,0.296201225419939,0.99999999
PD09-45LPM,ps25,1.08652970670942,6.67615341777346,0.740503063549847,1
PD19-18LPM,ps25,0.119729019443705,9.35941725479221,0.222142931922076,1.0000000468
PD19-45LPM,ps25,0.299322548609262,23.3985431369805,0.55535732980519,0.9999999833
PD10-18LPM,ps25,0.15253546348006,1.29639606016788,0.107014538373371,0.999690987
PD10-45LPM,ps25,0.381338658700149,3.24099015041969,0.267536345933429,1.0000000793
PD13-18LPM,ps25,0.183568780537439,0.558229759806444,0.293179176488532,0.999999974
PD13-45LPM,ps25,0.458921951343597,1.39557439951611,0.732947941221331,1.0000000139
PD01-18LPM,ps26,0.17234802001137,0.657784587077165,0.205888627109914,0.998004641
PD01-45LPM,ps26,0.430870050028425,1.64446146769291,0.514721567774785,0.9994877952
PD07-18LPM,ps26,0.245991414439118,0.447514887645294,0.134817082550164,0.987753306
PD07-45LPM,ps26,0.614978536097796,1.11878721911324,0.337042706375411,0.998724901
PD03-18LPM,ps26,0.178036344999787,1.12635268151327,0.3079074468744,0.9979747065
PD03-45LPM,ps26,0.445090862499467,2.81588170378318,0.769768617186,0.999403743
PD02-18LPM,ps26,0.211781449333261,1.04849115983506,0.288854830384031,1.0000000452
PD02-45LPM,ps26,0.529453624275638,2.62122789958765,0.722137075960078,1.0000000196
PD08-18LPM,ps26,0.443121314962969,3.09399431458213,0.288486607040812,0.9999999827
PD08-45LPM,ps26,1.10780328740742,7.73498578645532,0.72121651760203,1
PD20-18LPM,ps26,0.251488818923684,0.953178611822979,0.286247003515701,0.999999959
PD20-45LPM,ps26,0.628722047309209,2.38294652955745,0.715617508789254,1.000000027
PD21-18LPM,ps26,0.178544071870952,0.463126486402556,0.423241354290452,0.99999996
PD21-45LPM,ps26,0.446360179677379,1.15781621600639,1.05810338572613,1
PD09-18LPM,ps26,0.469954927316962,2.8876257821874,0.320288585999634,1.000000036
PD09-45LPM,ps26,1.17488731829241,7.21906445546849,0.800721464999086,0.9999999828
PD19-18LPM,ps26,0.129465495243578,10.1205338163877,0.240207802834922,0.9999999951
PD19-45LPM,ps26,0.323663738108944,25.3013345409694,0.600519507087304,1.00000003
PD10-18LPM,ps26,0.164939789980823,1.40182019982526,0.115717060685406,0.9995165023
PD10-45LPM,ps26,0.412349474952058,3.50455049956316,0.289292651713516,1.000000024
PD13-18LPM,ps26,0.198496765395406,0.603625525781792,0.31702078122371,0.999860034
PD13-45LPM,ps26,0.496241913488516,1.50906381445448,0.792551953059276,1.000000026
PD01-18LPM,ps27,0.185816099282367,0.709186947031235,0.22197772607798,0.999096767
PD01-45LPM,ps27,0.464540248205918,1.77296736757809,0.55494431519495,0.9999999981
PD07-18LPM,ps27,0.265214332517506,0.48248579117735,0.145352319071886,0.9889828351
PD07-45LPM,ps27,0.663035831293765,1.20621447794337,0.363380797679715,0.9997652911
PD03-18LPM,ps27,0.191948936553886,1.21437114091142,0.331968772919,0.9985789987
PD03-45LPM,ps27,0.479872341384714,3.03592785227854,0.829921932297501,0.9995161129
PD02-18LPM,ps27,0.228331040953513,1.13042515626082,0.311427295986862,1.0000000159
PD02-45LPM,ps27,0.570827603399917,2.82606289065206,0.778568239967156,1
PD08-18LPM,ps27,0.477748884204532,3.33577348146817,0.31103029795174,1.0000000112
PD08-45LPM,ps27,1.19437221051133,8.33943370367042,0.777575744879351,1
PD20-18LPM,ps27,0.271141329865267,1.02766444056998,0.308615681346643,0.999999994
PD20-45LPM,ps27,0.677853324663168,2.56916110142495,0.771539203366607,0.999999955
PD21-18LPM,ps27,0.192496339574207,0.499317353178726,0.456315410551569,1.000000021
PD21-45LPM,ps27,0.481240848935518,1.24829338294682,1.14078852637892,0.999999976
PD09-18LPM,ps27,0.506679400359839,3.11327834806492,0.345317432084169,1.000000039
PD09-45LPM,ps27,1.2666985008996,7.7831958701623,0.863293580210421,1
PD19-18LPM,ps27,0.13958253373746,10.9113995988605,0.258978762488995,0.9999999611
PD19-45LPM,ps27,0.34895633434365,27.2784989971512,0.647446906222488,0.99999996
PD10-18LPM,ps27,0.177828955555553,1.5113649777327,0.124759732287987,0.9999999514
PD10-45LPM,ps27,0.444572388888883,3.77841244433176,0.311899330719969,0.999999993
PD13-18LPM,ps27,0.214008229763872,0.650795643725069,0.341794265780091,0.9998558972
PD13-45LPM,ps27,0.53502057440968,1.62698910931267,0.854485664450228,1.000000043
PD01-18LPM,ps28,0.199790794054888,0.762522859041512,0.238672032869578,0.99988489
PD01-45LPM,ps28,0.49947698513722,1.90630714760378,0.596680082173946,0.9999999811
PD07-18LPM,ps28,0.285160340212985,0.518772160818204,0.156283849231826,0.991537394
PD07-45LPM,ps28,0.712900850532461,1.29693040204551,0.390709623079566,0.9998810475
PD03-18LPM,ps28,0.206384864391194,1.30570050419229,0.356935190217974,0.9986854472
PD03-45LPM,ps28,0.515962160977986,3.26425126048073,0.892337975544936,0.999509087
PD02-18LPM,ps28,0.245503162296822,1.21544118330549,0.33484884784408,1.0000000096
PD02-45LPM,ps28,0.613757906834611,3.03860295826372,0.837122119610199,1
PD08-18LPM,ps28,0.513679004686315,3.58664741765465,0.334421992727749,1.0000000037
PD08-45LPM,ps28,1.28419751171579,8.96661854413662,0.836054981819373,1
PD20-18LPM,ps28,0.291533089996473,1.10495212953236,0.331825779747638,1.000000001
PD20-45LPM,ps28,0.728832724991183,2.7623803238309,0.829564449369094,0.9999999796
PD21-18LPM,ps28,0.206973436019382,0.53686957622207,0.490633581081913,0.999999977
PD21-45LPM,ps28,0.517433590048455,1.34217394055517,1.22658395270478,1.0000000214
PD09-18LPM,ps28,0.544785301812396,3.34741906474195,0.371287763673541,1.000000047
PD09-45LPM,ps28,1.36196325453099,8.36854766185488,0.928219409183853,1
PD19-18LPM,ps28,0.150080134925352,11.7320146022105,0.278455810884296,1.000000037
PD19-45LPM,ps28,0.375200337313381,29.3300365055261,0.696139527210741,0.9999999539
PD10-18LPM,ps28,0.191202960204249,1.62503039389019,0.134142553181115,0.9996434487
PD10-45LPM,ps28,0.478007400510623,4.06257598472548,0.335356382952787,0.9999999721
PD13-18LPM,ps28,0.230103173642835,0.699740113636277,0.367499630157675,0.999999971
PD13-45LPM,ps28,0.575257934107088,1.74935028409069,0.918749075394187,0.999999976
PD01-18LPM,ps29,0.214272104328931,0.817792323107995,0.255971547484709,0.9998826108
PD01-45LPM,ps29,0.535680260822329,2.04448080776999,0.639928868711772,1.000000044
PD07-18LPM,ps29,0.305829437525554,0.556373996567855,0.167611673029985,0.9972285993
PD07-45LPM,ps29,0.764573593813885,1.39093499141964,0.419029182574962,0.9997593075
PD03-18LPM,ps29,0.221344128511713,1.4003407713559,0.382806698771322,0.9994020556
PD03-45LPM,ps29,0.553360321279283,3.50085192838975,0.957016746928306,1.0000000055
PD02-18LPM,ps29,0.263297813363189,1.30353924096905,0.359119485955683,0.9999999506
PD02-45LPM,ps29,0.65824453457972,3.25884810242264,0.897798714889208,1
PD08-18LPM,ps29,0.550911676408321,3.84661612314157,0.358661691368838,1
PD08-45LPM,ps29,1.3772791910208,9.61654030785393,0.896654228422096,1
PD20-18LPM,ps29,0.312664099317302,1.18504167871012,0.355877298718686,1.000000022
PD20-45LPM,ps29,0.781660248293255,2.96260419677531,0.889693246796715,1.0000000381
PD21-18LPM,ps29,0.221975361206476,0.575783155532587,0.526195865881483,1.000000032
PD21-45LPM,ps29,0.55493840301619,1.43945788883147,1.31548966470371,1
PD09-18LPM,ps29,0.584272631674634,3.59004793221849,0.398199580767752,0.999999981
PD09-45LPM,ps29,1.46068157918659,8.97511983054624,0.99549895191938,0.9999999907
PD19-18LPM,ps29,0.160958298807254,12.5823788264376,0.298638948020826,1.0000000391
PD19-45LPM,ps29,0.402395747018135,31.4559470660941,0.746597370052064,1.000000006
PD10-18LPM,ps29,0.205061803926912,1.74281644829773,0.143865523364788,0.999624119
PD10-45LPM,ps29,0.512654509817279,4.35704112074434,0.35966380841197,0.999999985
PD13-18LPM,ps29,0.246781597032296,0.750458935515415,0.394136874356461,0.999999986
PD13-45LPM,ps29,0.61695399258074,1.87614733878854,0.985342185891154,0.9999999749
PD01-18LPM,ps30,0.229260030104498,0.874995339230686,0.273876269923372,0.999999961
PD01-45LPM,ps30,0.573150075261245,2.18748834807671,0.684690674808429,1.0000000466
PD07-18LPM,ps30,0.327221624455215,0.595291298426305,0.179335790466361,0.9991496561
PD07-45LPM,ps30,0.818054061138037,1.48822824606576,0.448339476165903,0.9999999825
PD03-18LPM,ps30,0.236826728915442,1.49829194240224,0.409583298579044,1.0000000389
PD03-45LPM,ps30,0.592066822288606,3.74572985600559,1.02395824644761,1
PD02-18LPM,ps30,0.281714994152614,1.39471932925152,0.384239210321673,1
PD02-45LPM,ps30,0.704287486635243,3.48679832312881,0.960598025804182,1
PD08-18LPM,ps30,0.589446899370547,4.11567959792894,0.383749393875009,1
PD08-45LPM,ps30,1.47361724842637,10.2891989948223,0.959373484687521,1
PD20-18LPM,ps30,0.334534357827753,1.26793308810327,0.380770238259788,1.000000043
PD20-45LPM,ps30,0.836335894569382,3.16983272025817,0.95192559564947,0.9999999793
PD21-18LPM,ps30,0.237502115135489,0.616058091110277,0.56300226495028,1.000000029
PD21-45LPM,ps30,0.593755287838724,1.54014522777569,1.4075056623757,1
PD09-18LPM,ps30,0.625141389946552,3.84116495049455,0.426052883366801,1.000000038
PD09-45LPM,ps30,1.56285347486638,9.60291237623637,1.065132208417,1
PD19-18LPM,ps30,0.172217025383165,13.4624922715421,0.319528173898583,0.999999971
PD19-45LPM,ps30,0.430542563457913,33.6562306788551,0.798820434746457,0.999999969
PD10-18LPM,ps30,0.21940548672354,1.86472314095533,0.153928642839008,0.9999999472
PD10-45LPM,ps30,0.548513716808851,4.66180785238832,0.384821607097519,0.9999999994
PD13-18LPM,ps30,0.264043499932255,0.802952109362483,0.421705998376451,1.000000054
PD13-45LPM,ps30,0.660108749830636,2.00738027340621,1.05426499594113,0.9999999727
