subject,flow,ps,imp,dep,imp_cm3,dep_predict,dep_bestfit
PD01,18LPM,1,18,0.002562526,300,0.000568757,0.000842043
PD01,45LPM,1,45,0.005970763,750,0.002694637,0.004156181
PD07,18LPM,1,18,0.003567788,300,0.000568757,0.000842043
PD07,45LPM,1,45,0.007390679,750,0.002694637,0.004156181
PD03,18LPM,1,18,0.007238989,300,0.000568757,0.000842043
PD03,45LPM,1,45,0.015318627,750,0.002694637,0.004156181
PD02,18LPM,1,18,0.013820639,300,0.000568757,0.000842043
PD02,45LPM,1,45,0.023981808,750,0.002694637,0.004156181
PD08,18LPM,1,18,0.020610055,300,0.000568757,0.000842043
PD08,45LPM,1,45,0.043384176,750,0.002694637,0.004156181
PD20,18LPM,1,18,0.02230674,300,0.000568757,0.000842043
PD20,45LPM,1,45,0.047107434,750,0.002694637,0.004156181
PD21,18LPM,1,18,0.013397422,300,0.000568757,0.000842043
PD21,45LPM,1,45,0.0260583,750,0.002694637,0.004156181
PD09,18LPM,1,18,0.014887064,300,0.000568757,0.000842043
PD09,45LPM,1,45,0.032522011,750,0.002694637,0.004156181
PD19,18LPM,1,18,0.010452962,300,0.000568757,0.000842043
PD19,45LPM,1,45,0.019545318,750,0.002694637,0.004156181
PD10,18LPM,1,18,0.01217765,300,0.000568757,0.000842043
PD10,45LPM,1,45,0.026815984,750,0.002694637,0.004156181
PD13,18LPM,1,18,0.006861239,300,0.000568757,0.000842043
PD13,45LPM,1,45,0.014497224,750,0.002694637,0.004156181
PD01,18LPM,2,72,0.003990995,1200,0.005971385,0.009392866
PD01,45LPM,2,180,0.008092604,3000,0.027730695,0.044850896
PD07,18LPM,2,72,0.00356706,1200,0.005971385,0.009392866
PD07,45LPM,2,180,0.009797917,3000,0.027730695,0.044850896
PD03,18LPM,2,72,0.00945218,1200,0.005971385,0.009392866
PD03,45LPM,2,180,0.021783388,3000,0.027730695,0.044850896
PD02,18LPM,2,72,0.014269698,1200,0.005971385,0.009392866
PD02,45LPM,2,180,0.044786851,3000,0.027730695,0.044850896
PD08,18LPM,2,72,0.021997131,1200,0.005971385,0.009392866
PD08,45LPM,2,180,0.120739225,3000,0.027730695,0.044850896
PD20,18LPM,2,72,0.028317319,1200,0.005971385,0.009392866
PD20,45LPM,2,180,0.14074836,3000,0.027730695,0.044850896
PD21,18LPM,2,72,0.013647011,1200,0.005971385,0.009392866
PD21,45LPM,2,180,0.046835052,3000,0.027730695,0.044850896
PD09,18LPM,2,72,0.01973012,1200,0.005971385,0.009392866
PD09,45LPM,2,180,0.092700954,3000,0.027730695,0.044850896
PD19,18LPM,2,72,0.010013282,1200,0.005971385,0.009392866
PD19,45LPM,2,180,0.026814039,3000,0.027730695,0.044850896
PD10,18LPM,2,72,0.025894581,1200,0.005971385,0.009392866
PD10,45LPM,2,180,0.116620748,3000,0.027730695,0.044850896
PD13,18LPM,2,72,0.00805958,1200,0.005971385,0.009392866
PD13,45LPM,2,180,0.015882775,3000,0.027730695,0.044850896
PD01,18LPM,3,162,0.005114566,2700,0.023289088,0.037597928
PD01,45LPM,3,405,0.013930146,6750,0.101696825,0.162106192
PD07,18LPM,3,162,0.007757476,2700,0.023289088,0.037597928
PD07,45LPM,3,405,0.01244898,6750,0.101696825,0.162106192
PD03,18LPM,3,162,0.012107029,2700,0.023289088,0.037597928
PD03,45LPM,3,405,0.053946968,6750,0.101696825,0.162106192
PD02,18LPM,3,162,0.018495809,2700,0.023289088,0.037597928
PD02,45LPM,3,405,0.195322125,6750,0.101696825,0.162106192
PD08,18LPM,3,162,0.073585098,2700,0.023289088,0.037597928
PD08,45LPM,3,405,0.391883551,6750,0.101696825,0.162106192
PD20,18LPM,3,162,0.080425659,2700,0.023289088,0.037597928
PD20,45LPM,3,405,0.563582622,6750,0.101696825,0.162106192
PD21,18LPM,3,162,0.018933228,2700,0.023289088,0.037597928
PD21,45LPM,3,405,0.180073522,6750,0.101696825,0.162106192
PD09,18LPM,3,162,0.053282881,2700,0.023289088,0.037597928
PD09,45LPM,3,405,0.349523522,6750,0.101696825,0.162106192
PD19,18LPM,3,162,0.014923847,2700,0.023289088,0.037597928
PD19,45LPM,3,405,0.061201514,6750,0.101696825,0.162106192
PD10,18LPM,3,162,0.086947666,2700,0.023289088,0.037597928
PD10,45LPM,3,405,0.260696793,6750,0.101696825,0.162106192
PD13,18LPM,3,162,0.007653842,2700,0.023289088,0.037597928
PD13,45LPM,3,405,0.032413089,6750,0.101696825,0.162106192
PD01,18LPM,4,288,0.009620306,4800,0.059631563,0.096398521
PD01,45LPM,4,720,0.030597625,12000,0.231405401,0.34568658
PD07,18LPM,4,288,0.010948532,4800,0.059631563,0.096398521
PD07,45LPM,4,720,0.034017775,12000,0.231405401,0.34568658
PD03,18LPM,4,288,0.015728731,4800,0.059631563,0.096398521
PD03,45LPM,4,720,0.128189482,12000,0.231405401,0.34568658
PD02,18LPM,4,288,0.042305337,4800,0.059631563,0.096398521
PD02,45LPM,4,720,0.51298036,12000,0.231405401,0.34568658
PD08,18LPM,4,288,0.189388544,4800,0.059631563,0.096398521
PD08,45LPM,4,720,0.805120343,12000,0.231405401,0.34568658
PD20,18LPM,4,288,0.28105444,4800,0.059631563,0.096398521
PD20,45LPM,4,720,0.764460321,12000,0.231405401,0.34568658
PD21,18LPM,4,288,0.038477236,4800,0.059631563,0.096398521
PD21,45LPM,4,720,0.50927624,12000,0.231405401,0.34568658
PD09,18LPM,4,288,0.174118582,4800,0.059631563,0.096398521
PD09,45LPM,4,720,0.642120366,12000,0.231405401,0.34568658
PD19,18LPM,4,288,0.025879703,4800,0.059631563,0.096398521
PD19,45LPM,4,720,0.2125896,12000,0.231405401,0.34568658
PD10,18LPM,4,288,0.17476026,4800,0.059631563,0.096398521
PD10,45LPM,4,720,0.394102671,12000,0.231405401,0.34568658
PD13,18LPM,4,288,0.013578356,4800,0.059631563,0.096398521
PD13,45LPM,4,720,0.112863579,12000,0.231405401,0.34568658
PD01,18LPM,5,450,0.014856556,7500,0.119266073,0.188669255
PD01,45LPM,5,1125,0.085585588,18750,0.391334915,0.535232346
PD07,18LPM,5,450,0.016836056,7500,0.119266073,0.188669255
PD07,45LPM,5,1125,0.087721104,18750,0.391334915,0.535232346
PD03,18LPM,5,450,0.036283271,7500,0.119266073,0.188669255
PD03,45LPM,5,1125,0.235353914,18750,0.391334915,0.535232346
PD02,18LPM,5,450,0.127853407,7500,0.119266073,0.188669255
PD02,45LPM,5,1125,0.70722239,18750,0.391334915,0.535232346
PD08,18LPM,5,450,0.369037791,7500,0.119266073,0.188669255
PD08,45LPM,5,1125,0.940578717,18750,0.391334915,0.535232346
PD20,18LPM,5,450,0.629394238,7500,0.119266073,0.188669255
PD20,45LPM,5,1125,0.93577324,18750,0.391334915,0.535232346
PD21,18LPM,5,450,0.114060251,7500,0.119266073,0.188669255
PD21,45LPM,5,1125,0.781227757,18750,0.391334915,0.535232346
PD09,18LPM,5,450,0.371834479,7500,0.119266073,0.188669255
PD09,45LPM,5,1125,0.89426323,18750,0.391334915,0.535232346
PD19,18LPM,5,450,0.051605626,7500,0.119266073,0.188669255
PD19,45LPM,5,1125,0.449293269,18750,0.391334915,0.535232346
PD10,18LPM,5,450,0.242622897,7500,0.119266073,0.188669255
PD10,45LPM,5,1125,0.630217861,18750,0.391334915,0.535232346
PD13,18LPM,5,450,0.026452869,7500,0.119266073,0.188669255
PD13,45LPM,5,1125,0.311624618,18750,0.391334915,0.535232346
PD01,18LPM,6,648,0.023189,10800,0.201088451,0.305336436
PD01,45LPM,6,1620,0.18211615,27000,0.544429722,0.685212286
PD07,18LPM,6,648,0.026985271,10800,0.201088451,0.305336436
PD07,45LPM,6,1620,0.197420949,27000,0.544429722,0.685212286
PD03,18LPM,6,648,0.093895734,10800,0.201088451,0.305336436
PD03,45LPM,6,1620,0.3756003,27000,0.544429722,0.685212286
PD02,18LPM,6,648,0.37257125,10800,0.201088451,0.305336436
PD02,45LPM,6,1620,0.90430776,27000,0.544429722,0.685212286
PD08,18LPM,6,648,0.644200912,10800,0.201088451,0.305336436
PD08,45LPM,6,1620,0.984746204,27000,0.544429722,0.685212286
PD20,18LPM,6,648,0.771955124,10800,0.201088451,0.305336436
PD20,45LPM,6,1620,0.988059948,27000,0.544429722,0.685212286
PD21,18LPM,6,648,0.287631584,10800,0.201088451,0.305336436
PD21,45LPM,6,1620,0.902588071,27000,0.544429722,0.685212286
PD09,18LPM,6,648,0.521945717,10800,0.201088451,0.305336436
PD09,45LPM,6,1620,0.986294293,27000,0.544429722,0.685212286
PD19,18LPM,6,648,0.124574266,10800,0.201088451,0.305336436
PD19,45LPM,6,1620,0.641656416,27000,0.544429722,0.685212286
PD10,18LPM,6,648,0.350314559,10800,0.201088451,0.305336436
PD10,45LPM,6,1620,0.77639881,27000,0.544429722,0.685212286
PD13,18LPM,6,648,0.054137194,10800,0.201088451,0.305336436
PD13,45LPM,6,1620,0.566789246,27000,0.544429722,0.685212286
PD01,18LPM,7,882,0.038801069,14700,0.298302765,0.429542193
PD01,45LPM,7,2205,0.33845683,36750,0.668697776,0.788536182
PD07,18LPM,7,882,0.049725466,14700,0.298302765,0.429542193
PD07,45LPM,7,2205,0.360294898,36750,0.668697776,0.788536182
PD03,18LPM,7,882,0.158196805,14700,0.298302765,0.429542193
PD03,45LPM,7,2205,0.535539274,36750,0.668697776,0.788536182
PD02,18LPM,7,882,0.63359177,14700,0.298302765,0.429542193
PD02,45LPM,7,2205,0.962077508,36750,0.668697776,0.788536182
PD08,18LPM,7,882,0.794573274,14700,0.298302765,0.429542193
PD08,45LPM,7,2205,0.998670917,36750,0.668697776,0.788536182
PD20,18LPM,7,882,0.895990869,14700,0.298302765,0.429542193
PD20,45LPM,7,2205,0.996834746,36750,0.668697776,0.788536182
PD21,18LPM,7,882,0.514698275,14700,0.298302765,0.429542193
PD21,45LPM,7,2205,0.949892825,36750,0.668697776,0.788536182
PD09,18LPM,7,882,0.711852146,14700,0.298302765,0.429542193
PD09,45LPM,7,2205,0.998771689,36750,0.668697776,0.788536182
PD19,18LPM,7,882,0.24487264,14700,0.298302765,0.429542193
PD19,45LPM,7,2205,0.793710912,36750,0.668697776,0.788536182
PD10,18LPM,7,882,0.43700012,14700,0.298302765,0.429542193
PD10,45LPM,7,2205,0.86119866,36750,0.668697776,0.788536182
PD13,18LPM,7,882,0.119456726,14700,0.298302765,0.429542193
PD13,45LPM,7,2205,0.742416474,36750,0.668697776,0.788536182
PD01,18LPM,8,1152,0.061992392,19200,0.400979306,0.545516734
PD01,45LPM,8,2880,0.48938783,48000,0.760661197,0.855994937
PD07,18LPM,8,1152,0.098926296,19200,0.400979306,0.545516734
PD07,45LPM,8,2880,0.532405023,48000,0.760661197,0.855994937
PD03,18LPM,8,1152,0.23848272,19200,0.400979306,0.545516734
PD03,45LPM,8,2880,0.704752179,48000,0.760661197,0.855994937
PD02,18LPM,8,1152,0.80201764,19200,0.400979306,0.545516734
PD02,45LPM,8,2880,0.998767418,48000,0.760661197,0.855994937
PD08,18LPM,8,1152,0.933166503,19200,0.400979306,0.545516734
PD08,45LPM,8,2880,0.99999999,48000,0.760661197,0.855994937
PD20,18LPM,8,1152,0.953087483,19200,0.400979306,0.545516734
PD20,45LPM,8,2880,0.999488175,48000,0.760661197,0.855994937
PD21,18LPM,8,1152,0.704983261,19200,0.400979306,0.545516734
PD21,45LPM,8,2880,0.987012918,48000,0.760661197,0.855994937
PD09,18LPM,8,1152,0.84500253,19200,0.400979306,0.545516734
PD09,45LPM,8,2880,0.998258522,48000,0.760661197,0.855994937
PD19,18LPM,8,1152,0.417188136,19200,0.400979306,0.545516734
PD19,45LPM,8,2880,0.90461527,48000,0.760661197,0.855994937
PD10,18LPM,8,1152,0.5885499,19200,0.400979306,0.545516734
PD10,45LPM,8,2880,0.86902822,48000,0.760661197,0.855994937
PD13,18LPM,8,1152,0.235696565,19200,0.400979306,0.545516734
PD13,45LPM,8,2880,0.829761168,48000,0.760661197,0.855994937
PD01,18LPM,9,1458,0.105906514,24300,0.499768999,0.644252782
PD01,45LPM,9,3645,0.64768647,60750,0.825889415,0.899683637
PD07,18LPM,9,1458,0.150578335,24300,0.499768999,0.644252782
PD07,45LPM,9,3645,0.656022884,60750,0.825889415,0.899683637
PD03,18LPM,9,1458,0.33695769,24300,0.499768999,0.644252782
PD03,45LPM,9,3645,0.822322486,60750,0.825889415,0.899683637
PD02,18LPM,9,1458,0.897554267,24300,0.499768999,0.644252782
PD02,45LPM,9,3645,0.999897177,60750,0.825889415,0.899683637
PD08,18LPM,9,1458,0.976888963,24300,0.499768999,0.644252782
PD08,45LPM,9,3645,1.00000003,60750,0.825889415,0.899683637
PD20,18LPM,9,1458,0.973880956,24300,0.499768999,0.644252782
PD20,45LPM,9,3645,0.99979502,60750,0.825889415,0.899683637
PD21,18LPM,9,1458,0.829760298,24300,0.499768999,0.644252782
PD21,45LPM,9,3645,0.997640262,60750,0.825889415,0.899683637
PD09,18LPM,9,1458,0.949225745,24300,0.499768999,0.644252782
PD09,45LPM,9,3645,1.000000031,60750,0.825889415,0.899683637
PD19,18LPM,9,1458,0.595188119,24300,0.499768999,0.644252782
PD19,45LPM,9,3645,0.971810728,60750,0.825889415,0.899683637
PD10,18LPM,9,1458,0.65106928,24300,0.499768999,0.644252782
PD10,45LPM,9,3645,0.90716264,60750,0.825889415,0.899683637
PD13,18LPM,9,1458,0.348148125,24300,0.499768999,0.644252782
PD13,45LPM,9,3645,0.904688914,60750,0.825889415,0.899683637
PD01,18LPM,10,1800,0.20714138,30000,0.588387107,0.723479984
PD01,45LPM,10,4500,0.75781009,75000,0.871579382,0.928351172
PD07,18LPM,10,1800,0.207680917,30000,0.588387107,0.723479984
PD07,45LPM,10,4500,0.767796445,75000,0.871579382,0.928351172
PD03,18LPM,10,1800,0.45642789,30000,0.588387107,0.723479984
PD03,45LPM,10,4500,0.895430264,75000,0.871579382,0.928351172
PD02,18LPM,10,1800,0.953419445,30000,0.588387107,0.723479984
PD02,45LPM,10,4500,0.99999996,75000,0.871579382,0.928351172
PD08,18LPM,10,1800,0.991199165,30000,0.588387107,0.723479984
PD08,45LPM,10,4500,0.999897678,75000,0.871579382,0.928351172
PD20,18LPM,10,1800,0.987965863,30000,0.588387107,0.723479984
PD20,45LPM,10,4500,1,75000,0.871579382,0.928351172
PD21,18LPM,10,1800,0.898172887,30000,0.588387107,0.723479984
PD21,45LPM,10,4500,0.998554558,75000,0.871579382,0.928351172
PD09,18LPM,10,1800,0.983413096,30000,0.588387107,0.723479984
PD09,45LPM,10,4500,0.999999975,75000,0.871579382,0.928351172
PD19,18LPM,10,1800,0.779171121,30000,0.588387107,0.723479984
PD19,45LPM,10,4500,0.989047354,75000,0.871579382,0.928351172
PD10,18LPM,10,1800,0.78172103,30000,0.588387107,0.723479984
PD10,45LPM,10,4500,0.94942434,75000,0.871579382,0.928351172
PD13,18LPM,10,1800,0.499579671,30000,0.588387107,0.723479984
PD13,45LPM,10,4500,0.932836533,75000,0.871579382,0.928351172
PD01,18LPM,11,2178,0.32812182,36300,0.664041355,0.784926933
PD01,45LPM,11,5445,0.856422972,90750,0.903701869,0.947571717
PD07,18LPM,11,2178,0.295935917,36300,0.664041355,0.784926933
PD07,45LPM,11,5445,0.843153401,90750,0.903701869,0.947571717
PD03,18LPM,11,2178,0.55738415,36300,0.664041355,0.784926933
PD03,45LPM,11,5445,0.93156212,90750,0.903701869,0.947571717
PD02,18LPM,11,2178,0.980721892,36300,0.664041355,0.784926933
PD02,45LPM,11,5445,1.00000001,90750,0.903701869,0.947571717
PD08,18LPM,11,2178,0.998395824,36300,0.664041355,0.784926933
PD08,45LPM,11,5445,0.999999953,90750,0.903701869,0.947571717
PD20,18LPM,11,2178,0.993002554,36300,0.664041355,0.784926933
PD20,45LPM,11,5445,1,90750,0.903701869,0.947571717
PD21,18LPM,11,2178,0.950805458,36300,0.664041355,0.784926933
PD21,45LPM,11,5445,0.999065178,90750,0.903701869,0.947571717
PD09,18LPM,11,2178,0.969596054,36300,0.664041355,0.784926933
PD09,45LPM,11,5445,0.99999995,90750,0.903701869,0.947571717
PD19,18LPM,11,2178,0.879391632,36300,0.664041355,0.784926933
PD19,45LPM,11,5445,0.996366317,90750,0.903701869,0.947571717
PD10,18LPM,11,2178,0.90488071,36300,0.664041355,0.784926933
PD10,45LPM,11,5445,0.98430406,90750,0.903701869,0.947571717
PD13,18LPM,11,2178,0.64485185,36300,0.664041355,0.784926933
PD13,45LPM,11,5445,0.964139714,90750,0.903701869,0.947571717
PD01,18LPM,12,2592,0.44697054,43200,0.726551297,0.831802556
PD01,45LPM,12,6480,0.907918902,108000,0.926551781,0.960770259
PD07,18LPM,12,2592,0.374486943,43200,0.726551297,0.831802556
PD07,45LPM,12,6480,0.903116412,108000,0.926551781,0.960770259
PD03,18LPM,12,2592,0.66718487,43200,0.726551297,0.831802556
PD03,45LPM,12,6480,0.958882764,108000,0.926551781,0.960770259
PD02,18LPM,12,2592,0.995462886,43200,0.726551297,0.831802556
PD02,45LPM,12,6480,1,108000,0.926551781,0.960770259
PD08,18LPM,12,2592,0.999783892,43200,0.726551297,0.831802556
PD08,45LPM,12,6480,1.000000027,108000,0.926551781,0.960770259
PD20,18LPM,12,2592,0.995964616,43200,0.726551297,0.831802556
PD20,45LPM,12,6480,1,108000,0.926551781,0.960770259
PD21,18LPM,12,2592,0.982119378,43200,0.726551297,0.831802556
PD21,45LPM,12,6480,1,108000,0.926551781,0.960770259
PD09,18LPM,12,2592,0.986136627,43200,0.726551297,0.831802556
PD09,45LPM,12,6480,1.00000005,108000,0.926551781,0.960770259
PD19,18LPM,12,2592,0.931472626,43200,0.726551297,0.831802556
PD19,45LPM,12,6480,0.999477241,108000,0.926551781,0.960770259
PD10,18LPM,12,2592,0.94167395,43200,0.726551297,0.831802556
PD10,45LPM,12,6480,0.9967868,108000,0.926551781,0.960770259
PD13,18LPM,12,2592,0.763092815,43200,0.726551297,0.831802556
PD13,45LPM,12,6480,0.984152968,108000,0.926551781,0.960770259
PD01,18LPM,13,3042,0.54627822,50700,0.777185634,0.867377286
PD01,45LPM,13,7605,0.951655714,126750,0.943054773,0.970049739
PD07,18LPM,13,3042,0.462699636,50700,0.777185634,0.867377286
PD07,45LPM,13,7605,0.929530932,126750,0.943054773,0.970049739
PD03,18LPM,13,3042,0.74793344,50700,0.777185634,0.867377286
PD03,45LPM,13,7605,0.975852016,126750,0.943054773,0.970049739
PD02,18LPM,13,3042,0.997698856,50700,0.777185634,0.867377286
PD02,45LPM,13,7605,1.000000049,126750,0.943054773,0.970049739
PD08,18LPM,13,3042,0.999452253,50700,0.777185634,0.867377286
PD08,45LPM,13,7605,1.000000012,126750,0.943054773,0.970049739
PD20,18LPM,13,3042,0.997119758,50700,0.777185634,0.867377286
PD20,45LPM,13,7605,1,126750,0.943054773,0.970049739
PD21,18LPM,13,3042,0.992751201,50700,0.777185634,0.867377286
PD21,45LPM,13,7605,1.00000003,126750,0.943054773,0.970049739
PD09,18LPM,13,3042,1.00000002,50700,0.777185634,0.867377286
PD09,45LPM,13,7605,0.99999998,126750,0.943054773,0.970049739
PD19,18LPM,13,3042,0.94484739,50700,0.777185634,0.867377286
PD19,45LPM,13,7605,1.000000048,126750,0.943054773,0.970049739
PD10,18LPM,13,3042,0.95413968,50700,0.777185634,0.867377286
PD10,45LPM,13,7605,0.999687468,126750,0.943054773,0.970049739
PD13,18LPM,13,3042,0.842767261,50700,0.777185634,0.867377286
PD13,45LPM,13,7605,0.990457667,126750,0.943054773,0.970049739
PD01,18LPM,14,3528,0.6170016,58800,0.817769382,0.894424175
PD01,45LPM,14,8820,0.969653551,147000,0.955169564,0.976719749
PD07,18LPM,14,3528,0.55189196,58800,0.817769382,0.894424175
PD07,45LPM,14,8820,0.94651023,147000,0.955169564,0.976719749
PD03,18LPM,14,3528,0.801105601,58800,0.817769382,0.894424175
PD03,45LPM,14,8820,0.959486458,147000,0.955169564,0.976719749
PD02,18LPM,14,3528,0.999889022,58800,0.817769382,0.894424175
PD02,45LPM,14,8820,0.999999988,147000,0.955169564,0.976719749
PD08,18LPM,14,3528,0.99988893,58800,0.817769382,0.894424175
PD08,45LPM,14,8820,1.000000035,147000,0.955169564,0.976719749
PD20,18LPM,14,3528,0.999887399,58800,0.817769382,0.894424175
PD20,45LPM,14,8820,1.000000019,147000,0.955169564,0.976719749
PD21,18LPM,14,3528,0.997729043,58800,0.817769382,0.894424175
PD21,45LPM,14,8820,0.99999997,147000,0.955169564,0.976719749
PD09,18LPM,14,3528,1.000000005,58800,0.817769382,0.894424175
PD09,45LPM,14,8820,1.00000002,147000,0.955169564,0.976719749
PD19,18LPM,14,3528,0.954545496,58800,0.817769382,0.894424175
PD19,45LPM,14,8820,1.00000005,147000,0.955169564,0.976719749
PD10,18LPM,14,3528,0.96565016,58800,0.817769382,0.894424175
PD10,45LPM,14,8820,0.999895069,147000,0.955169564,0.976719749
PD13,18LPM,14,3528,0.917361718,58800,0.817769382,0.894424175
PD13,45LPM,14,8820,0.996700376,147000,0.955169564,0.976719749
PD01,18LPM,15,4050,0.70410588,67500,0.850163389,0.915108901
PD01,45LPM,15,10125,0.974655072,168750,0.964207818,0.981612354
PD07,18LPM,15,4050,0.64635099,67500,0.850163389,0.915108901
PD07,45LPM,15,10125,0.965625387,168750,0.964207818,0.981612354
PD03,18LPM,15,4050,0.85945183,67500,0.850163389,0.915108901
PD03,45LPM,15,10125,0.961143451,168750,0.964207818,0.981612354
PD02,18LPM,15,4050,0.999887258,67500,0.850163389,0.915108901
PD02,45LPM,15,10125,1.00000002,168750,0.964207818,0.981612354
PD08,18LPM,15,4050,0.99999997,67500,0.850163389,0.915108901
PD08,45LPM,15,10125,0.999999989,168750,0.964207818,0.981612354
PD20,18LPM,15,4050,0.999656338,67500,0.850163389,0.915108901
PD20,45LPM,15,10125,0.999999986,168750,0.964207818,0.981612354
PD21,18LPM,15,4050,0.998382103,67500,0.850163389,0.915108901
PD21,45LPM,15,10125,0.999999972,168750,0.964207818,0.981612354
PD09,18LPM,15,4050,1,67500,0.850163389,0.915108901
PD09,45LPM,15,10125,0.99999996,168750,0.964207818,0.981612354
PD19,18LPM,15,4050,0.987482948,67500,0.850163389,0.915108901
PD19,45LPM,15,10125,0.999786479,168750,0.964207818,0.981612354
PD10,18LPM,15,4050,0.97092767,67500,0.850163389,0.915108901
PD10,45LPM,15,10125,1.000000042,168750,0.964207818,0.981612354
PD13,18LPM,15,4050,0.953328129,67500,0.850163389,0.915108901
PD13,45LPM,15,10125,0.999274007,168750,0.964207818,0.981612354
PD01,18LPM,16,4608,0.7762092,76800,0.876024934,0.931057123
PD01,45LPM,16,11520,0.981702926,192000,0.971055638,0.985267917
PD07,18LPM,16,4608,0.744090491,76800,0.876024934,0.931057123
PD07,45LPM,16,11520,0.981913819,192000,0.971055638,0.985267917
PD03,18LPM,16,4608,0.903952116,76800,0.876024934,0.931057123
PD03,45LPM,16,11520,0.969871748,192000,0.971055638,0.985267917
PD02,18LPM,16,4608,1.000000008,76800,0.876024934,0.931057123
PD02,45LPM,16,11520,1.000000031,192000,0.971055638,0.985267917
PD08,18LPM,16,4608,0.99999997,76800,0.876024934,0.931057123
PD08,45LPM,16,11520,0.999999971,192000,0.971055638,0.985267917
PD20,18LPM,16,4608,0.999766753,76800,0.876024934,0.931057123
PD20,45LPM,16,11520,1.00000005,192000,0.971055638,0.985267917
PD21,18LPM,16,4608,0.998583347,76800,0.876024934,0.931057123
PD21,45LPM,16,11520,0.999999979,192000,0.971055638,0.985267917
PD09,18LPM,16,4608,1,76800,0.876024934,0.931057123
PD09,45LPM,16,11520,1.000000032,192000,0.971055638,0.985267917
PD19,18LPM,16,4608,0.994435404,76800,0.876024934,0.931057123
PD19,45LPM,16,11520,1.000000003,192000,0.971055638,0.985267917
PD10,18LPM,16,4608,0.98011523,76800,0.876024934,0.931057123
PD10,45LPM,16,11520,0.999999962,192000,0.971055638,0.985267917
PD13,18LPM,16,4608,0.977473454,76800,0.876024934,0.931057123
PD13,45LPM,16,11520,0.999166097,192000,0.971055638,0.985267917
PD01,18LPM,17,5202,0.85263915,86700,0.896732769,0.943467356
PD01,45LPM,17,13005,0.985775717,216750,0.976319363,0.9880451
PD07,18LPM,17,5202,0.820694536,86700,0.896732769,0.943467356
PD07,45LPM,17,13005,0.99066015,216750,0.976319363,0.9880451
PD03,18LPM,17,5202,0.939764872,86700,0.896732769,0.943467356
PD03,45LPM,17,13005,0.974149114,216750,0.976319363,0.9880451
PD02,18LPM,17,5202,1.000000027,86700,0.896732769,0.943467356
PD02,45LPM,17,13005,0.999999966,216750,0.976319363,0.9880451
PD08,18LPM,17,5202,0.999999979,86700,0.896732769,0.943467356
PD08,45LPM,17,13005,1.000000037,216750,0.976319363,0.9880451
PD20,18LPM,17,5202,0.999642704,86700,0.896732769,0.943467356
PD20,45LPM,17,13005,0.99999999,216750,0.976319363,0.9880451
PD21,18LPM,17,5202,0.999396238,86700,0.896732769,0.943467356
PD21,45LPM,17,13005,1.00000003,216750,0.976319363,0.9880451
PD09,18LPM,17,5202,0.99999996,86700,0.896732769,0.943467356
PD09,45LPM,17,13005,0.999999953,216750,0.976319363,0.9880451
PD19,18LPM,17,5202,0.99763478,86700,0.896732769,0.943467356
PD19,45LPM,17,13005,0.999999989,216750,0.976319363,0.9880451
PD10,18LPM,17,5202,0.98822538,86700,0.896732769,0.943467356
PD10,45LPM,17,13005,1.000000059,216750,0.976319363,0.9880451
PD13,18LPM,17,5202,0.989057826,86700,0.896732769,0.943467356
PD13,45LPM,17,13005,0.999159373,216750,0.976319363,0.9880451
PD01,18LPM,18,5832,0.89490582,97200,0.913392273,0.953217803
PD01,45LPM,18,14580,0.990689652,243000,0.980419966,0.990186986
PD07,18LPM,18,5832,0.872025515,97200,0.913392273,0.953217803
PD07,45LPM,18,14580,0.9947594,243000,0.980419966,0.990186986
PD03,18LPM,18,5832,0.965564716,97200,0.913392273,0.953217803
PD03,45LPM,18,14580,0.98173719,243000,0.980419966,0.990186986
PD02,18LPM,18,5832,1.000000001,97200,0.913392273,0.953217803
PD02,45LPM,18,14580,1.000000012,243000,0.980419966,0.990186986
PD08,18LPM,18,5832,0.999999967,97200,0.913392273,0.953217803
PD08,45LPM,18,14580,1.000000008,243000,0.980419966,0.990186986
PD20,18LPM,18,5832,0.999756182,97200,0.913392273,0.953217803
PD20,45LPM,18,14580,1.000000015,243000,0.980419966,0.990186986
PD21,18LPM,18,5832,0.99950551,97200,0.913392273,0.953217803
PD21,45LPM,18,14580,1.00000001,243000,0.980419966,0.990186986
PD09,18LPM,18,5832,0.99999998,97200,0.913392273,0.953217803
PD09,45LPM,18,14580,0.999999981,243000,0.980419966,0.990186986
PD19,18LPM,18,5832,0.99927611,97200,0.913392273,0.953217803
PD19,45LPM,18,14580,0.999999988,243000,0.980419966,0.990186986
PD10,18LPM,18,5832,0.99397071,97200,0.913392273,0.953217803
PD10,45LPM,18,14580,0.999999981,243000,0.980419966,0.990186986
PD13,18LPM,18,5832,0.995563824,97200,0.913392273,0.953217803
PD13,45LPM,18,14580,0.999999984,243000,0.980419966,0.990186986
PD01,18LPM,19,6498,0.9313523,108300,0.926872055,0.960952399
PD01,45LPM,19,16245,0.996112182,270750,0.983654132,0.991861576
PD07,18LPM,19,6498,0.916029548,108300,0.926872055,0.960952399
PD07,45LPM,19,16245,0.995474591,270750,0.983654132,0.991861576
PD03,18LPM,19,6498,0.978026252,108300,0.926872055,0.960952399
PD03,45LPM,19,16245,0.984622149,270750,0.983654132,0.991861576
PD02,18LPM,19,6498,0.999999993,108300,0.926872055,0.960952399
PD02,45LPM,19,16245,0.999999972,270750,0.983654132,0.991861576
PD08,18LPM,19,6498,0.99999999,108300,0.926872055,0.960952399
PD08,45LPM,19,16245,1.000000039,270750,0.983654132,0.991861576
PD20,18LPM,19,6498,0.999500295,108300,0.926872055,0.960952399
PD20,45LPM,19,16245,1.000000033,270750,0.983654132,0.991861576
PD21,18LPM,19,6498,0.999873176,108300,0.926872055,0.960952399
PD21,45LPM,19,16245,1.00000004,270750,0.983654132,0.991861576
PD09,18LPM,19,6498,0.99999999,108300,0.926872055,0.960952399
PD09,45LPM,19,16245,0.999999985,270750,0.983654132,0.991861576
PD19,18LPM,19,6498,0.99963033,108300,0.926872055,0.960952399
PD19,45LPM,19,16245,0.999999966,270750,0.983654132,0.991861576
PD10,18LPM,19,6498,0.99571674,108300,0.926872055,0.960952399
PD10,45LPM,19,16245,1.000000025,270750,0.983654132,0.991861576
PD13,18LPM,19,6498,0.998694215,108300,0.926872055,0.960952399
PD13,45LPM,19,16245,1.000000038,270750,0.983654132,0.991861576
PD01,18LPM,20,7200,0.95222735,120000,0.937847841,0.967145481
PD01,45LPM,20,18000,0.998668296,3.00E+05,0.986234062,0.993187114
PD07,18LPM,20,7200,0.942973779,120000,0.937847841,0.967145481
PD07,45LPM,20,18000,0.996087422,3.00E+05,0.986234062,0.993187114
PD03,18LPM,20,7200,0.986344957,120000,0.937847841,0.967145481
PD03,45LPM,20,18000,0.994679072,3.00E+05,0.986234062,0.993187114
PD02,18LPM,20,7200,1.000000034,120000,0.937847841,0.967145481
PD02,45LPM,20,18000,1.000000033,3.00E+05,0.986234062,0.993187114
PD08,18LPM,20,7200,1.000000025,120000,0.937847841,0.967145481
PD08,45LPM,20,18000,0.999999984,3.00E+05,0.986234062,0.993187114
PD20,18LPM,20,7200,0.999999997,120000,0.937847841,0.967145481
PD20,45LPM,20,18000,1.000000032,3.00E+05,0.986234062,0.993187114
PD21,18LPM,20,7200,0.99986952,120000,0.937847841,0.967145481
PD21,45LPM,20,18000,1.000000009,3.00E+05,0.986234062,0.993187114
PD09,18LPM,20,7200,0.99999996,120000,0.937847841,0.967145481
PD09,45LPM,20,18000,1.000000001,3.00E+05,0.986234062,0.993187114
PD19,18LPM,20,7200,1.000000025,120000,0.937847841,0.967145481
PD19,45LPM,20,18000,0.999887176,3.00E+05,0.986234062,0.993187114
PD10,18LPM,20,7200,0.998575429,120000,0.937847841,0.967145481
PD10,45LPM,20,18000,1.000000013,3.00E+05,0.986234062,0.993187114
PD13,18LPM,20,7200,0.999032042,120000,0.937847841,0.967145481
PD13,45LPM,20,18000,1.000000007,3.00E+05,0.986234062,0.993187114
PD01,18LPM,21,7938,0.96949692,132300,0.946843263,0.972148856
PD01,45LPM,21,19845,0.999487739,330750,0.9883137,0.994248226
PD07,18LPM,21,7938,0.961913281,132300,0.946843263,0.972148856
PD07,45LPM,21,19845,0.996054335,330750,0.9883137,0.994248226
PD03,18LPM,21,7938,0.989721814,132300,0.946843263,0.972148856
PD03,45LPM,21,19845,0.991710519,330750,0.9883137,0.994248226
PD02,18LPM,21,7938,1.000000002,132300,0.946843263,0.972148856
PD02,45LPM,21,19845,1,330750,0.9883137,0.994248226
PD08,18LPM,21,7938,1.000000018,132300,0.946843263,0.972148856
PD08,45LPM,21,19845,0.999999983,330750,0.9883137,0.994248226
PD20,18LPM,21,7938,0.99999996,132300,0.946843263,0.972148856
PD20,45LPM,21,19845,1.000000047,330750,0.9883137,0.994248226
PD21,18LPM,21,7938,1.000000047,132300,0.946843263,0.972148856
PD21,45LPM,21,19845,0.999999996,330750,0.9883137,0.994248226
PD09,18LPM,21,7938,1,132300,0.946843263,0.972148856
PD09,45LPM,21,19845,1.000000024,330750,0.9883137,0.994248226
PD19,18LPM,21,7938,0.999870428,132300,0.946843263,0.972148856
PD19,45LPM,21,19845,0.999999959,330750,0.9883137,0.994248226
PD10,18LPM,21,7938,0.999198532,132300,0.946843263,0.972148856
PD10,45LPM,21,19845,0.999999992,330750,0.9883137,0.994248226
PD13,18LPM,21,7938,1.000000028,132300,0.946843263,0.972148856
PD13,45LPM,21,19845,1.000000005,330750,0.9883137,0.994248226
PD01,18LPM,22,8712,0.98744062,145200,0.954264094,0.976225564
PD01,45LPM,22,21780,0.999487741,363000,0.990006247,0.995106424
PD07,18LPM,22,8712,0.970988234,145200,0.954264094,0.976225564
PD07,45LPM,22,21780,0.993246968,363000,0.990006247,0.995106424
PD03,18LPM,22,8712,0.990916826,145200,0.954264094,0.976225564
PD03,45LPM,22,21780,0.98595059,363000,0.990006247,0.995106424
PD02,18LPM,22,8712,0.99999995,145200,0.954264094,0.976225564
PD02,45LPM,22,21780,1.000000045,363000,0.990006247,0.995106424
PD08,18LPM,22,8712,1.000000037,145200,0.954264094,0.976225564
PD08,45LPM,22,21780,1,363000,0.990006247,0.995106424
PD20,18LPM,22,8712,1.00000001,145200,0.954264094,0.976225564
PD20,45LPM,22,21780,0.999999968,363000,0.990006247,0.995106424
PD21,18LPM,22,8712,1,145200,0.954264094,0.976225564
PD21,45LPM,22,21780,0.999999975,363000,0.990006247,0.995106424
PD09,18LPM,22,8712,1.00000004,145200,0.954264094,0.976225564
PD09,45LPM,22,21780,0.999999976,363000,0.990006247,0.995106424
PD19,18LPM,22,8712,0.999999914,145200,0.954264094,0.976225564
PD19,45LPM,22,21780,0.999999948,363000,0.990006247,0.995106424
PD10,18LPM,22,8712,0.999172809,145200,0.954264094,0.976225564
PD10,45LPM,22,21780,0.999999954,363000,0.990006247,0.995106424
PD13,18LPM,22,8712,1.00000001,145200,0.954264094,0.976225564
PD13,45LPM,22,21780,0.999999957,363000,0.990006247,0.995106424
PD01,18LPM,23,9522,0.992742079,158700,0.96042555,0.979573983
PD01,45LPM,23,23805,0.99999999,396750,0.991396001,0.995807062
PD07,18LPM,23,9522,0.976985476,158700,0.96042555,0.979573983
PD07,45LPM,23,23805,0.996417412,396750,0.991396001,0.995807062
PD03,18LPM,23,9522,0.995137123,158700,0.96042555,0.979573983
PD03,45LPM,23,23805,0.991403046,396750,0.991396001,0.995807062
PD02,18LPM,23,9522,0.999999988,158700,0.96042555,0.979573983
PD02,45LPM,23,23805,1,396750,0.991396001,0.995807062
PD08,18LPM,23,9522,0.999999955,158700,0.96042555,0.979573983
PD08,45LPM,23,23805,1,396750,0.991396001,0.995807062
PD20,18LPM,23,9522,0.99999999,158700,0.96042555,0.979573983
PD20,45LPM,23,23805,0.999999958,396750,0.991396001,0.995807062
PD21,18LPM,23,9522,0.999999952,158700,0.96042555,0.979573983
PD21,45LPM,23,23805,1,396750,0.991396001,0.995807062
PD09,18LPM,23,9522,1.00000004,158700,0.96042555,0.979573983
PD09,45LPM,23,23805,1,396750,0.991396001,0.995807062
PD19,18LPM,23,9522,0.999999909,158700,0.96042555,0.979573983
PD19,45LPM,23,23805,0.999999995,396750,0.991396001,0.995807062
PD10,18LPM,23,9522,0.999571685,158700,0.96042555,0.979573983
PD10,45LPM,23,23805,1.000000049,396750,0.991396001,0.995807062
PD13,18LPM,23,9522,0.999870865,158700,0.96042555,0.979573983
PD13,45LPM,23,23805,1.000000012,396750,0.991396001,0.995807062
PD01,18LPM,24,10368,0.994927733,172800,0.965573495,0.982345051
PD01,45LPM,24,25920,0.999795071,432000,0.992546497,0.996384021
PD07,18LPM,24,10368,0.981648942,172800,0.965573495,0.982345051
PD07,45LPM,24,25920,0.998981234,432000,0.992546497,0.996384021
PD03,18LPM,24,10368,0.996008646,172800,0.965573495,0.982345051
PD03,45LPM,24,25920,0.996167284,432000,0.992546497,0.996384021
PD02,18LPM,24,10368,0.999999981,172800,0.965573495,0.982345051
PD02,45LPM,24,25920,1,432000,0.992546497,0.996384021
PD08,18LPM,24,10368,0.99999996,172800,0.965573495,0.982345051
PD08,45LPM,24,25920,1,432000,0.992546497,0.996384021
PD20,18LPM,24,10368,1.00000002,172800,0.965573495,0.982345051
PD20,45LPM,24,25920,0.999999956,432000,0.992546497,0.996384021
PD21,18LPM,24,10368,0.99999996,172800,0.965573495,0.982345051
PD21,45LPM,24,25920,1,432000,0.992546497,0.996384021
PD09,18LPM,24,10368,0.99999997,172800,0.965573495,0.982345051
PD09,45LPM,24,25920,1.000000012,432000,0.992546497,0.996384021
PD19,18LPM,24,10368,0.999999987,172800,0.965573495,0.982345051
PD19,45LPM,24,25920,1.000000011,432000,0.992546497,0.996384021
PD10,18LPM,24,10368,0.999110211,172800,0.965573495,0.982345051
PD10,45LPM,24,25920,1.00000004,432000,0.992546497,0.996384021
PD13,18LPM,24,10368,0.999999961,172800,0.965573495,0.982345051
PD13,45LPM,24,25920,1,432000,0.992546497,0.996384021
PD01,18LPM,25,11250,0.995850204,187500,0.969900655,0.984654626
PD01,45LPM,25,28125,0.999692702,468750,0.993506149,0.996862919
PD07,18LPM,25,11250,0.98447636,187500,0.969900655,0.984654626
PD07,45LPM,25,28125,0.999655939,468750,0.993506149,0.996862919
PD03,18LPM,25,11250,0.997110345,187500,0.969900655,0.984654626
PD03,45LPM,25,28125,0.998000715,468750,0.993506149,0.996862919
PD02,18LPM,25,11250,1.000000043,187500,0.969900655,0.984654626
PD02,45LPM,25,28125,1,468750,0.993506149,0.996862919
PD08,18LPM,25,11250,1.000000031,187500,0.969900655,0.984654626
PD08,45LPM,25,28125,1,468750,0.993506149,0.996862919
PD20,18LPM,25,11250,1,187500,0.969900655,0.984654626
PD20,45LPM,25,28125,1.000000012,468750,0.993506149,0.996862919
PD21,18LPM,25,11250,0.99999998,187500,0.969900655,0.984654626
PD21,45LPM,25,28125,1,468750,0.993506149,0.996862919
PD09,18LPM,25,11250,0.99999999,187500,0.969900655,0.984654626
PD09,45LPM,25,28125,1,468750,0.993506149,0.996862919
PD19,18LPM,25,11250,1.000000047,187500,0.969900655,0.984654626
PD19,45LPM,25,28125,0.999999983,468750,0.993506149,0.996862919
PD10,18LPM,25,11250,0.999690987,187500,0.969900655,0.984654626
PD10,45LPM,25,28125,1.000000079,468750,0.993506149,0.996862919
PD13,18LPM,25,11250,0.999999974,187500,0.969900655,0.984654626
PD13,45LPM,25,28125,1.000000014,468750,0.993506149,0.996862919
PD01,18LPM,26,12168,0.998004641,202800,0.97355895,0.986592405
PD01,45LPM,26,30420,0.999487795,507000,0.994312241,0.997263347
PD07,18LPM,26,12168,0.987753306,202800,0.97355895,0.986592405
PD07,45LPM,26,30420,0.998724901,507000,0.994312241,0.997263347
PD03,18LPM,26,12168,0.997974707,202800,0.97355895,0.986592405
PD03,45LPM,26,30420,0.999403743,507000,0.994312241,0.997263347
PD02,18LPM,26,12168,1.000000045,202800,0.97355895,0.986592405
PD02,45LPM,26,30420,1.00000002,507000,0.994312241,0.997263347
PD08,18LPM,26,12168,0.999999983,202800,0.97355895,0.986592405
PD08,45LPM,26,30420,1,507000,0.994312241,0.997263347
PD20,18LPM,26,12168,0.999999959,202800,0.97355895,0.986592405
PD20,45LPM,26,30420,1.000000027,507000,0.994312241,0.997263347
PD21,18LPM,26,12168,0.99999996,202800,0.97355895,0.986592405
PD21,45LPM,26,30420,1,507000,0.994312241,0.997263347
PD09,18LPM,26,12168,1.000000036,202800,0.97355895,0.986592405
PD09,45LPM,26,30420,0.999999983,507000,0.994312241,0.997263347
PD19,18LPM,26,12168,0.999999995,202800,0.97355895,0.986592405
PD19,45LPM,26,30420,1.00000003,507000,0.994312241,0.997263347
PD10,18LPM,26,12168,0.999516502,202800,0.97355895,0.986592405
PD10,45LPM,26,30420,1.000000024,507000,0.994312241,0.997263347
PD13,18LPM,26,12168,0.999860034,202800,0.97355895,0.986592405
PD13,45LPM,26,30420,1.000000026,507000,0.994312241,0.997263347
PD01,18LPM,27,13122,0.999096767,218700,0.976668839,0.98822841
PD01,45LPM,27,32805,0.999999998,546750,0.994993763,0.997600442
PD07,18LPM,27,13122,0.988982835,218700,0.976668839,0.98822841
PD07,45LPM,27,32805,0.999765291,546750,0.994993763,0.997600442
PD03,18LPM,27,13122,0.998578999,218700,0.976668839,0.98822841
PD03,45LPM,27,32805,0.999516113,546750,0.994993763,0.997600442
PD02,18LPM,27,13122,1.000000016,218700,0.976668839,0.98822841
PD02,45LPM,27,32805,1,546750,0.994993763,0.997600442
PD08,18LPM,27,13122,1.000000011,218700,0.976668839,0.98822841
PD08,45LPM,27,32805,1,546750,0.994993763,0.997600442
PD20,18LPM,27,13122,0.999999994,218700,0.976668839,0.98822841
PD20,45LPM,27,32805,0.999999955,546750,0.994993763,0.997600442
PD21,18LPM,27,13122,1.000000021,218700,0.976668839,0.98822841
PD21,45LPM,27,32805,0.999999976,546750,0.994993763,0.997600442
PD09,18LPM,27,13122,1.000000039,218700,0.976668839,0.98822841
PD09,45LPM,27,32805,1,546750,0.994993763,0.997600442
PD19,18LPM,27,13122,0.999999961,218700,0.976668839,0.98822841
PD19,45LPM,27,32805,0.99999996,546750,0.994993763,0.997600442
PD10,18LPM,27,13122,0.999999951,218700,0.976668839,0.98822841
PD10,45LPM,27,32805,0.999999993,546750,0.994993763,0.997600442
PD13,18LPM,27,13122,0.999855897,218700,0.976668839,0.98822841
PD13,45LPM,27,32805,1.000000043,546750,0.994993763,0.997600442
PD01,18LPM,28,14112,0.99988489,235200,0.979326406,0.989617745
PD01,45LPM,28,35280,0.999999981,588000,0.995573466,0.997886015
PD07,18LPM,28,14112,0.991537394,235200,0.979326406,0.989617745
PD07,45LPM,28,35280,0.999881048,588000,0.995573466,0.997886015
PD03,18LPM,28,14112,0.998685447,235200,0.979326406,0.989617745
PD03,45LPM,28,35280,0.999509087,588000,0.995573466,0.997886015
PD02,18LPM,28,14112,1.00000001,235200,0.979326406,0.989617745
PD02,45LPM,28,35280,1,588000,0.995573466,0.997886015
PD08,18LPM,28,14112,1.000000004,235200,0.979326406,0.989617745
PD08,45LPM,28,35280,1,588000,0.995573466,0.997886015
PD20,18LPM,28,14112,1.000000001,235200,0.979326406,0.989617745
PD20,45LPM,28,35280,0.99999998,588000,0.995573466,0.997886015
PD21,18LPM,28,14112,0.999999977,235200,0.979326406,0.989617745
PD21,45LPM,28,35280,1.000000021,588000,0.995573466,0.997886015
PD09,18LPM,28,14112,1.000000047,235200,0.979326406,0.989617745
PD09,45LPM,28,35280,1,588000,0.995573466,0.997886015
PD19,18LPM,28,14112,1.000000037,235200,0.979326406,0.989617745
PD19,45LPM,28,35280,0.999999954,588000,0.995573466,0.997886015
PD10,18LPM,28,14112,0.999643449,235200,0.979326406,0.989617745
PD10,45LPM,28,35280,0.999999972,588000,0.995573466,0.997886015
PD13,18LPM,28,14112,0.999999971,235200,0.979326406,0.989617745
PD13,45LPM,28,35280,0.999999976,588000,0.995573466,0.997886015
PD01,18LPM,29,15138,0.999882611,252300,0.981608758,0.990804104
PD01,45LPM,29,37845,1.000000044,630750,0.996069352,0.998129362
PD07,18LPM,29,15138,0.997228599,252300,0.981608758,0.990804104
PD07,45LPM,29,37845,0.999759308,630750,0.996069352,0.998129362
PD03,18LPM,29,15138,0.999402056,252300,0.981608758,0.990804104
PD03,45LPM,29,37845,1.000000006,630750,0.996069352,0.998129362
PD02,18LPM,29,15138,0.999999951,252300,0.981608758,0.990804104
PD02,45LPM,29,37845,1,630750,0.996069352,0.998129362
PD08,18LPM,29,15138,1,252300,0.981608758,0.990804104
PD08,45LPM,29,37845,1,630750,0.996069352,0.998129362
PD20,18LPM,29,15138,1.000000022,252300,0.981608758,0.990804104
PD20,45LPM,29,37845,1.000000038,630750,0.996069352,0.998129362
PD21,18LPM,29,15138,1.000000032,252300,0.981608758,0.990804104
PD21,45LPM,29,37845,1,630750,0.996069352,0.998129362
PD09,18LPM,29,15138,0.999999981,252300,0.981608758,0.990804104
PD09,45LPM,29,37845,0.999999991,630750,0.996069352,0.998129362
PD19,18LPM,29,15138,1.000000039,252300,0.981608758,0.990804104
PD19,45LPM,29,37845,1.000000006,630750,0.996069352,0.998129362
PD10,18LPM,29,15138,0.999624119,252300,0.981608758,0.990804104
PD10,45LPM,29,37845,0.999999985,630750,0.996069352,0.998129362
PD13,18LPM,29,15138,0.999999986,252300,0.981608758,0.990804104
PD13,45LPM,29,37845,0.999999975,630750,0.996069352,0.998129362
PD01,18LPM,30,16200,0.999999961,270000,0.983578137,0.991822387
PD01,45LPM,30,40500,1.000000047,675000,0.996495783,0.998337863
PD07,18LPM,30,16200,0.999149656,270000,0.983578137,0.991822387
PD07,45LPM,30,40500,0.999999983,675000,0.996495783,0.998337863
PD03,18LPM,30,16200,1.000000039,270000,0.983578137,0.991822387
PD03,45LPM,30,40500,1,675000,0.996495783,0.998337863
PD02,18LPM,30,16200,1,270000,0.983578137,0.991822387
PD02,45LPM,30,40500,1,675000,0.996495783,0.998337863
PD08,18LPM,30,16200,1,270000,0.983578137,0.991822387
PD08,45LPM,30,40500,1,675000,0.996495783,0.998337863
PD20,18LPM,30,16200,1.000000043,270000,0.983578137,0.991822387
PD20,45LPM,30,40500,0.999999979,675000,0.996495783,0.998337863
PD21,18LPM,30,16200,1.000000029,270000,0.983578137,0.991822387
PD21,45LPM,30,40500,1,675000,0.996495783,0.998337863
PD09,18LPM,30,16200,1.000000038,270000,0.983578137,0.991822387
PD09,45LPM,30,40500,1,675000,0.996495783,0.998337863
PD19,18LPM,30,16200,0.999999971,270000,0.983578137,0.991822387
PD19,45LPM,30,40500,0.999999969,675000,0.996495783,0.998337863
PD10,18LPM,30,16200,0.999999947,270000,0.983578137,0.991822387
PD10,45LPM,30,40500,0.999999999,675000,0.996495783,0.998337863
PD13,18LPM,30,16200,1.000000054,270000,0.983578137,0.991822387
PD13,45LPM,30,40500,0.999999973,675000,0.996495783,0.998337863
